-- phpMyAdmin SQL Dump
-- version 4.9.2
-- https://www.phpmyadmin.net/
--
-- Host: 127.0.0.1
-- Generation Time: Jun 15, 2020 at 05:44 PM
-- Server version: 10.4.10-MariaDB
-- PHP Version: 7.3.12

SET SQL_MODE = "NO_AUTO_VALUE_ON_ZERO";
SET AUTOCOMMIT = 0;
START TRANSACTION;
SET time_zone = "+00:00";


/*!40101 SET @OLD_CHARACTER_SET_CLIENT=@@CHARACTER_SET_CLIENT */;
/*!40101 SET @OLD_CHARACTER_SET_RESULTS=@@CHARACTER_SET_RESULTS */;
/*!40101 SET @OLD_COLLATION_CONNECTION=@@COLLATION_CONNECTION */;
/*!40101 SET NAMES utf8mb4 */;

--
-- Database: `myshop`
--

-- --------------------------------------------------------

--
-- Table structure for table `admin_users`
--

CREATE TABLE `admin_users` (
  `id` int(10) UNSIGNED NOT NULL,
  `name` varchar(255) COLLATE utf8_unicode_ci NOT NULL,
  `email` varchar(255) COLLATE utf8_unicode_ci NOT NULL,
  `password` varchar(255) COLLATE utf8_unicode_ci NOT NULL,
  `level` varchar(255) COLLATE utf8_unicode_ci NOT NULL,
  `remember_token` varchar(100) COLLATE utf8_unicode_ci DEFAULT NULL,
  `created_at` timestamp NULL DEFAULT NULL,
  `updated_at` timestamp NULL DEFAULT NULL
) ENGINE=InnoDB DEFAULT CHARSET=utf8 COLLATE=utf8_unicode_ci;

--
-- Dumping data for table `admin_users`
--

INSERT INTO `admin_users` (`id`, `name`, `email`, `password`, `level`, `remember_token`, `created_at`, `updated_at`) VALUES
(1, 'SupperAdmin', 'tuankiet@gmail.com', '$2y$10$q3UFgqoa.mt5Yx1dVEBT.ee6CZkLk7p7U4Y.kbYQh6PLJ/mxgenJm', '100', 'LqqsfGhinUkm3Rh5DLiP7EqVKU61F6l0JMU0DhOodMsHeWNfGQ3i4KoGw2zi', '2020-06-15 15:30:19', '2020-06-15 15:30:19');

-- --------------------------------------------------------

--
-- Table structure for table `banners`
--

CREATE TABLE `banners` (
  `id` int(10) UNSIGNED NOT NULL,
  `name` varchar(255) COLLATE utf8_unicode_ci NOT NULL,
  `url` text COLLATE utf8_unicode_ci NOT NULL,
  `url_banner` text COLLATE utf8_unicode_ci NOT NULL,
  `pos` int(11) NOT NULL,
  `status` int(11) NOT NULL,
  `user_id` int(10) UNSIGNED NOT NULL,
  `created_at` timestamp NULL DEFAULT NULL,
  `updated_at` timestamp NULL DEFAULT NULL
) ENGINE=InnoDB DEFAULT CHARSET=utf8 COLLATE=utf8_unicode_ci;

-- --------------------------------------------------------

--
-- Table structure for table `category`
--

CREATE TABLE `category` (
  `id` int(10) UNSIGNED NOT NULL,
  `name` varchar(255) COLLATE utf8_unicode_ci NOT NULL,
  `slug` varchar(255) COLLATE utf8_unicode_ci NOT NULL,
  `parent_id` varchar(255) COLLATE utf8_unicode_ci NOT NULL,
  `created_at` timestamp NULL DEFAULT NULL,
  `updated_at` timestamp NULL DEFAULT NULL
) ENGINE=InnoDB DEFAULT CHARSET=utf8 COLLATE=utf8_unicode_ci;

--
-- Dumping data for table `category`
--

INSERT INTO `category` (`id`, `name`, `slug`, `parent_id`, `created_at`, `updated_at`) VALUES
(1, 'Mobile - Điện thoại', 'mobile-dien-thoai', '0', '2020-06-15 14:01:57', '2020-06-15 14:01:57'),
(2, 'LAPTOP - Máy tính xách tay', 'laptop-may-tinh-xach-tay', '0', '2020-06-15 14:02:59', '2020-06-15 14:02:59'),
(4, 'Samsung', 'samsung', '1', '2020-06-15 14:04:10', '2020-06-15 14:04:10'),
(9, 'DELL', 'dell', '2', '2020-06-15 14:06:11', '2020-06-15 14:06:11'),
(10, 'ASUS', 'asus', '2', '2020-06-15 14:08:29', '2020-06-15 14:08:29'),
(11, 'HP', 'hp', '2', '2020-06-15 14:10:24', '2020-06-15 14:10:24'),
(13, 'TIN TỨC - KHUYỄN MẠI', 'tin-tuc-khuyen-mai', '0', '2020-06-15 14:11:59', '2020-06-15 14:11:59'),
(14, 'QUẢNG CÁO - BANNER', 'quang-cao-banner', '0', '2020-06-15 14:12:59', '2020-06-15 14:12:59'),
(15, 'Iphone', 'iphone', '1', '2020-06-15 14:14:05', '2020-06-15 14:14:05'),
(16, 'OPPO', 'oppo', '1', '2020-06-15 14:15:25', '2020-06-15 14:15:25'),
(18, 'LENOVO', 'lenovo', '2', '2020-06-15 14:15:55', '2020-06-15 14:15:55'),
(19, 'PC - Máy bộ', 'pc-may-bo', '0', '2020-06-15 14:16:55', '2020-06-15 14:16:55'),
(20, 'Máy thường', 'may-thuong', '19', '2020-06-15 14:17:10', '2020-06-15 14:17:10'),
(21, 'Máy Gamming', 'may-gamming', '19', '2020-06-15 14:17:30', '2020-06-15 14:17:30'),
(22, 'Tin Công Nghệ', 'tin-cong-nghe', '13', '2020-06-15 14:17:50', '2020-06-15 14:17:50'),
(23, 'Tin khuyễn mại', 'tin-khuyen-mai', '13', '2020-06-15 14:18:50', '2020-06-15 14:18:50'),
(24, 'Razer', 'razer', '2', '2020-06-15 06:40:40', '2020-06-15 06:40:40');

-- --------------------------------------------------------

--
-- Table structure for table `detail_img`
--

CREATE TABLE `detail_img` (
  `id` int(10) UNSIGNED NOT NULL,
  `images_url` text COLLATE utf8_unicode_ci NOT NULL,
  `pro_id` int(10) UNSIGNED NOT NULL,
  `created_at` timestamp NULL DEFAULT NULL,
  `updated_at` timestamp NULL DEFAULT NULL
) ENGINE=InnoDB DEFAULT CHARSET=utf8 COLLATE=utf8_unicode_ci;

--
-- Dumping data for table `detail_img`
--

INSERT INTO `detail_img` (`id`, `images_url`, `pro_id`, `created_at`, `updated_at`) VALUES
(66, '1592226176_1592126893_samsung-galaxy-s20.png', 22, '2020-06-15 06:02:56', '2020-06-15 06:02:56'),
(67, '1592226176_samsung-s20-02.png', 22, '2020-06-15 06:02:56', '2020-06-15 06:02:56'),
(68, '1592226176_samsung-s20-01.png', 22, '2020-06-15 06:02:56', '2020-06-15 06:02:56'),
(69, '1592226406_samsung-galaxy-a31-01.png', 23, '2020-06-15 06:06:46', '2020-06-15 06:06:46'),
(70, '1592226406_samsung-galaxy-a31-02.png', 23, '2020-06-15 06:06:46', '2020-06-15 06:06:46'),
(71, '1592226406_samsung-galaxy-a31-03.png', 23, '2020-06-15 06:06:46', '2020-06-15 06:06:46'),
(72, '1592226599_1592128374_iphone-11-pro-max-vang.png', 24, '2020-06-15 06:09:59', '2020-06-15 06:09:59'),
(73, '1592226599_iphone-11-pro-max-xanh.png', 24, '2020-06-15 06:09:59', '2020-06-15 06:09:59'),
(74, '1592226599_iphone-11-pro-max-den.png', 24, '2020-06-15 06:09:59', '2020-06-15 06:09:59'),
(75, '1592226781_iphone-7-plus-hong.png', 25, '2020-06-15 06:13:01', '2020-06-15 06:13:01'),
(76, '1592226781_iphone-7-plus-hong-01.png', 25, '2020-06-15 06:13:01', '2020-06-15 06:13:01'),
(77, '1592226781_iphone-7-plus-hong-02.png', 25, '2020-06-15 06:13:01', '2020-06-15 06:13:01'),
(78, '1592227020_iPhone-Xs-Max-gold.png', 26, '2020-06-15 06:17:00', '2020-06-15 06:17:00'),
(79, '1592227020_iphone-xs-max-gold-01.png', 26, '2020-06-15 06:17:00', '2020-06-15 06:17:00'),
(80, '1592227020_iphone-xs-max-gold-02.png', 26, '2020-06-15 06:17:00', '2020-06-15 06:17:00'),
(81, '1592227021_iphone-xs-max-gold-03.png', 26, '2020-06-15 06:17:01', '2020-06-15 06:17:01'),
(82, '1592227188_1592196084_1592129825_oppo-reno2-f-trang.png', 27, '2020-06-15 06:19:48', '2020-06-15 06:19:48'),
(83, '1592227188_oppo-reno2-f-trang-01.png', 27, '2020-06-15 06:19:48', '2020-06-15 06:19:48'),
(84, '1592227188_oppo-reno2-f-trang-02.png', 27, '2020-06-15 06:19:48', '2020-06-15 06:19:48'),
(85, '1592227343_oppo-find-x2-xanh.png', 28, '2020-06-15 06:22:23', '2020-06-15 06:22:23'),
(86, '1592227343_oppo-find-x2-xanh-01.png', 28, '2020-06-15 06:22:23', '2020-06-15 06:22:23'),
(87, '1592227343_oppo-find-x2-xanh-02.png', 28, '2020-06-15 06:22:23', '2020-06-15 06:22:23'),
(88, '1592227536_dell-xps-13.jpg', 36, '2020-06-15 06:25:36', '2020-06-15 06:25:36'),
(89, '1592227536_dell-xps-13-01.jpg', 36, '2020-06-15 06:25:36', '2020-06-15 06:25:36'),
(90, '1592227536_dell-xps-13-02.jpg', 36, '2020-06-15 06:25:36', '2020-06-15 06:25:36'),
(91, '1592227726_dell-xps-15.png', 37, '2020-06-15 06:28:46', '2020-06-15 06:28:46'),
(92, '1592227726_del-xps-15-01.png', 37, '2020-06-15 06:28:46', '2020-06-15 06:28:46'),
(93, '1592227726_del-xps-15-02.png', 37, '2020-06-15 06:28:46', '2020-06-15 06:28:46'),
(94, '1592227726_del-xps-15-04.png', 37, '2020-06-15 06:28:46', '2020-06-15 06:28:46'),
(95, '1592227909_lenovo-ideapad-01.jpg', 38, '2020-06-15 06:31:49', '2020-06-15 06:31:49'),
(96, '1592227909_lenovo-ideapad-02.jpg', 38, '2020-06-15 06:31:49', '2020-06-15 06:31:49'),
(97, '1592227909_lenovo-ideapad-03.jpg', 38, '2020-06-15 06:31:49', '2020-06-15 06:31:49'),
(98, '1592228095_lenovo-legion-y545-01.jpg', 39, '2020-06-15 06:34:55', '2020-06-15 06:34:55'),
(99, '1592228095_lenovo-legion-y545-02.jpg', 39, '2020-06-15 06:34:55', '2020-06-15 06:34:55'),
(100, '1592228095_lenovo-legion-y545-03.jpg', 39, '2020-06-15 06:34:55', '2020-06-15 06:34:55'),
(101, '1592228254_hp-envy-13-01.jpg', 40, '2020-06-15 06:37:34', '2020-06-15 06:37:34'),
(102, '1592228254_hp-envy-13-02.jpg', 40, '2020-06-15 06:37:34', '2020-06-15 06:37:34'),
(103, '1592228254_hp-envy-13_03.jpg', 40, '2020-06-15 06:37:34', '2020-06-15 06:37:34'),
(104, '1592228425_hp-spectre-01.jpg', 41, '2020-06-15 06:40:25', '2020-06-15 06:40:25'),
(105, '1592228425_hp-spectre-02.jpg', 41, '2020-06-15 06:40:25', '2020-06-15 06:40:25'),
(106, '1592228425_hp-spectre-03.jpg', 41, '2020-06-15 06:40:25', '2020-06-15 06:40:25'),
(107, '1592228646_razer-01.jpg', 51, '2020-06-15 06:44:06', '2020-06-15 06:44:06'),
(108, '1592228646_razer-03.jpg', 51, '2020-06-15 06:44:06', '2020-06-15 06:44:06'),
(109, '1592228646_raxer-02.jpg', 51, '2020-06-15 06:44:06', '2020-06-15 06:44:06'),
(110, '1592228799_razer-pink-02.jpg', 52, '2020-06-15 06:46:39', '2020-06-15 06:46:39'),
(111, '1592228799_razer-pink.jpg', 52, '2020-06-15 06:46:39', '2020-06-15 06:46:39'),
(112, '1592228949_1592121517_alienware-M15R2.jpg', 53, '2020-06-15 06:49:09', '2020-06-15 06:49:09'),
(113, '1592228949_alienwarem-01.jpg', 53, '2020-06-15 06:49:09', '2020-06-15 06:49:09'),
(114, '1592228949_alienwarem-02.jpg', 53, '2020-06-15 06:49:09', '2020-06-15 06:49:09'),
(115, '1592229092_asus-01.jpg', 54, '2020-06-15 06:51:32', '2020-06-15 06:51:32'),
(116, '1592229092_asus-02.jpg', 54, '2020-06-15 06:51:32', '2020-06-15 06:51:32'),
(117, '1592229388_1592137943_gaming-pc-lumen-powered.jpg', 42, '2020-06-15 06:56:28', '2020-06-15 06:56:28'),
(118, '1592229388_1592138498_gaming-pc-nova-2070.jpg', 42, '2020-06-15 06:56:28', '2020-06-15 06:56:28'),
(119, '1592229540_gaming-pc-apex-01.jpg', 43, '2020-06-15 06:59:00', '2020-06-15 06:59:00'),
(120, '1592229540_gaming-pc-apex-02.jpg', 43, '2020-06-15 06:59:00', '2020-06-15 06:59:00'),
(121, '1592229540_gaming-pc-apex-03.jpg', 43, '2020-06-15 06:59:00', '2020-06-15 06:59:00'),
(122, '1592229676_1592223792_1592138498_gaming-pc-nova-2070.jpg', 44, '2020-06-15 07:01:16', '2020-06-15 07:01:16'),
(123, '1592229863_gaming-pc-01.jpg', 45, '2020-06-15 07:04:23', '2020-06-15 07:04:23'),
(124, '1592229863_gaming-pc-02.jpg', 45, '2020-06-15 07:04:23', '2020-06-15 07:04:24'),
(125, '1592229864_gaming-pc-03.jpg', 45, '2020-06-15 07:04:24', '2020-06-15 07:04:24'),
(126, '1592230036_gaming-pc-apex.jpg', 46, '2020-06-15 07:07:16', '2020-06-15 07:07:16');

-- --------------------------------------------------------

--
-- Table structure for table `migrations`
--

CREATE TABLE `migrations` (
  `migration` varchar(255) COLLATE utf8_unicode_ci NOT NULL,
  `batch` int(11) NOT NULL
) ENGINE=InnoDB DEFAULT CHARSET=utf8 COLLATE=utf8_unicode_ci;

--
-- Dumping data for table `migrations`
--

INSERT INTO `migrations` (`migration`, `batch`) VALUES
('2014_10_12_000000_create_users_table', 1),
('2014_10_12_100000_create_password_resets_table', 1),
('2016_11_13_131139_create_admin_users_table', 1),
('2016_11_24_011241_create_categor_table', 1),
('2016_11_24_011515_create_products_table', 1),
('2016_11_24_012823_create_pro_details_table', 1),
('2016_11_24_013636_create_detal_img_table', 1),
('2016_11_24_014238_create_news_table', 1),
('2016_11_24_014742_create_banners_table', 1),
('2016_12_01_161126_create_oders_table', 2),
('2016_12_02_015703_create_oders_detail_table', 3),
('2016_12_02_023327_create_oders_table', 4),
('2016_12_02_023343_create_oders_detail_table', 4);

-- --------------------------------------------------------

--
-- Table structure for table `news`
--

CREATE TABLE `news` (
  `id` int(10) UNSIGNED NOT NULL,
  `title` varchar(255) COLLATE utf8_unicode_ci NOT NULL,
  `slug` varchar(255) COLLATE utf8_unicode_ci NOT NULL,
  `author` varchar(255) COLLATE utf8_unicode_ci NOT NULL,
  `intro` varchar(255) COLLATE utf8_unicode_ci NOT NULL,
  `full` text COLLATE utf8_unicode_ci NOT NULL,
  `images` text COLLATE utf8_unicode_ci NOT NULL,
  `tag` text COLLATE utf8_unicode_ci NOT NULL,
  `status` int(11) NOT NULL,
  `source` text COLLATE utf8_unicode_ci NOT NULL,
  `cat_id` int(10) UNSIGNED NOT NULL,
  `user_id` int(10) UNSIGNED NOT NULL,
  `created_at` timestamp NULL DEFAULT NULL,
  `updated_at` timestamp NULL DEFAULT NULL
) ENGINE=InnoDB DEFAULT CHARSET=utf8 COLLATE=utf8_unicode_ci;

--
-- Dumping data for table `news`
--

INSERT INTO `news` (`id`, `title`, `slug`, `author`, `intro`, `full`, `images`, `tag`, `status`, `source`, `cat_id`, `user_id`, `created_at`, `updated_at`) VALUES
(1, 'Lộ diện khuôn mẫu toàn bộ dòng iPhone 12, các cạnh phẳng tương tự iPad Pro mới', 'lo-dien-khuon-mau-toan-bo-dong-iphone-12-cac-canh-phang-tuong-tu-ipad-pro-moi', 'admin', '<p>C&aacute;c khu&ocirc;n mẫu iPhone n&agrave;y cho thấy Apple quyết t&acirc;m phổ cập ng&ocirc;n ngữ thiết kế iPad Pro mới đến mọi sản phẩm của m&igrave;nh.</p>\r\n', '<p>Cuối tuần qua, c&aacute;c đồn đại về thiết kế iPhone 12 mới c&agrave;ng được củng cố th&ecirc;m khi một loạt h&igrave;nh ảnh mới r&ograve; rỉ về bộ khu&ocirc;n v&agrave; h&igrave;nh vẽ CAD render của thiết bị n&agrave;y xuất hiện tr&ecirc;n t&agrave;i khoản Twitter @Jin_Store. C&aacute;c h&igrave;nh ảnh mới cho thấy to&agrave;n bộ 4 phi&ecirc;n bản iPhone 12 mới, bao gồm cả phi&ecirc;n bản m&agrave;n h&igrave;nh 5,4 inch, 2 phi&ecirc;n bản 6,1 inch v&agrave; một phi&ecirc;n bản 6,7 inch.</p>\r\n\r\n<p>C&aacute;c h&igrave;nh vẽ CAD v&agrave; c&aacute;c khu&ocirc;n mẫu n&agrave;y thường được c&aacute;c nh&agrave; sản xuất ốp lưng sử dụng để sản xuất c&aacute;c phụ kiện sẵn s&agrave;ng cho việc ra mắt iPhone mới. Đ&oacute; l&agrave; l&yacute; do tại sao một số chi tiết tr&ecirc;n c&aacute;c khu&ocirc;n mẫu n&agrave;y c&oacute; thể kh&ocirc;ng ho&agrave;n to&agrave;n ch&iacute;nh x&aacute;c. V&iacute; dụ, k&iacute;ch thước của tai thỏ sẽ kh&ocirc;ng ảnh hưởng đến thiết kế ốp lưng v&igrave; vậy c&aacute;c nh&agrave; sản xuất phụ kiện thường kh&ocirc;ng ch&uacute; &yacute; đến việc k&iacute;ch thước tai thỏ c&oacute; thể sẽ thay đổi trong thiết kế của m&igrave;nh.</p>\r\n\r\n<p>&nbsp;</p>\r\n\r\n<p><img alt=\"Lộ diện khuôn mẫu toàn bộ dòng iPhone 12, các cạnh phẳng tương tự iPad Pro mới - Ảnh 1.\" id=\"img_196749146867347456\" src=\"https://genk.mediacdn.vn/thumb_w/660/139269124445442048/2020/6/15/eac7qhnuwaidiya-15921726502701481697903.jpg\" title=\"Lộ diện khuôn mẫu toàn bộ dòng iPhone 12, các cạnh phẳng tương tự iPad Pro mới - Ảnh 1.\" /></p>\r\n\r\n<p>&nbsp;</p>\r\n\r\n<p><img alt=\"Lộ diện khuôn mẫu toàn bộ dòng iPhone 12, các cạnh phẳng tương tự iPad Pro mới - Ảnh 2.\" id=\"img_196751262457962496\" src=\"https://genk.mediacdn.vn/thumb_w/660/139269124445442048/2020/6/15/eac7qhiu4aajgkn-15921731536631054535889.png\" title=\"Lộ diện khuôn mẫu toàn bộ dòng iPhone 12, các cạnh phẳng tương tự iPad Pro mới - Ảnh 2.\" /></p>\r\n', '1592232953_photo1592173867719-1592173868180717825115.png', 'iphone 12', 1, 'Genk', 22, 1, '2020-06-15 07:55:53', '2020-06-15 07:55:53'),
(2, 'Vivo V19 Neo ra mắt: Snapdragon 675, 4 camera sau 48MP, giá 8.3 triệu đồng', 'vivo-v19-neo-ra-mat-snapdragon-675-4-camera-sau-48mp-gia-83-trieu-dong', 'admin', '<p>V19 Neo l&agrave; mẫu smartphone mới nhất trong d&ograve;ng V của Vivo, sở hữu thiết kế đẹp mắt, nhiều t&iacute;nh năng cao cấp v&agrave; được tối ưu mạnh mẽ về camera.</p>\r\n', '<p>H&ocirc;m qua (13/6), Vivo vừa ra mắt một mẫu smartphone tầm trung mới thuộc d&ograve;ng V-series, c&oacute; t&ecirc;n gọi đầy đủ l&agrave; Vivo V19 Neo. Chiếc điện thoại n&agrave;y sở hữu sức mạnh phần cứng đến từ vi xử l&yacute; Snapdragon 675, kết hợp với 8GB RAM, 128GB bộ nhớ trong v&agrave; được c&agrave;i sẵn hệ điều h&agrave;nh Android 10 với giao diện FunTouch OS 10 khi b&aacute;n ra.</p>\r\n\r\n<p>&nbsp;</p>\r\n\r\n<p><img alt=\"Vivo V19 Neo ra mắt: Snapdragon 675, 4 camera sau 48MP, giá 8.3 triệu đồng - Ảnh 1.\" id=\"img_196741660527894528\" src=\"https://genk.mediacdn.vn/139269124445442048/2020/6/15/photo-1-1592170865898729797553.jpg\" title=\"Vivo V19 Neo ra mắt: Snapdragon 675, 4 camera sau 48MP, giá 8.3 triệu đồng - Ảnh 1.\" /></p>\r\n\r\n<p>Vivo V19 Neo được trang bị m&agrave;n h&igrave;nh Super AMOLED 6.44 inch, hỗ trợ độ ph&acirc;n giải Full HD+ v&agrave; c&oacute; thiết kế đục lỗ. M&aacute;y đi k&egrave;m với camera selfie 32MP đặt trong &quot;nốt ruồi&quot; ở g&oacute;c ph&iacute;a tr&ecirc;n b&ecirc;n phải m&agrave;n h&igrave;nh, đồng thời được t&iacute;ch hợp cảm biến v&acirc;n tay ở b&ecirc;n dưới để gi&uacute;p người d&ugrave;ng mở kho&aacute; thiết bị một c&aacute;ch dễ d&agrave;ng hơn.</p>\r\n\r\n<p><iframe height=\"0\" id=\"ads-place-2013326\" scrolling=\"no\" src=\"javascript:if(typeof(admSspPageRg)!=\'undefined\'){admSspPageRg.draw(2013326);}else{parent.admSspPageRg.draw(2013326);}\" width=\"0\"></iframe></p>\r\n\r\n<p>Di chuyển đến mặt lưng, V19 Neo mang tr&ecirc;n m&igrave;nh hệ thống 4 camera h&igrave;nh chữ L, bao gồm cảm biến ch&iacute;nh 48MP, camera g&oacute;c si&ecirc;u rộng 8MP, camera macro 2MP v&agrave; cảm biến chiều s&acirc;u 2MP. Cụm camera sau hỗ trợ nhiều t&iacute;nh năng chụp ảnh n&acirc;ng cao, trong đ&oacute; c&oacute; cả chế độ Super Night gi&uacute;p chụp ảnh tốt hơn trong điều kiện thiếu s&aacute;ng.</p>\r\n\r\n<p>&nbsp;</p>\r\n\r\n<p><img alt=\"Vivo V19 Neo ra mắt: Snapdragon 675, 4 camera sau 48MP, giá 8.3 triệu đồng - Ảnh 2.\" id=\"img_196741668876754944\" src=\"https://genk.mediacdn.vn/139269124445442048/2020/6/15/photo-1-15921708689891191519305.jpg\" title=\"Vivo V19 Neo ra mắt: Snapdragon 675, 4 camera sau 48MP, giá 8.3 triệu đồng - Ảnh 2.\" /></p>\r\n\r\n<p>Chiếc điện thoại n&agrave;y đi k&egrave;m vi&ecirc;n pin dung lượng 4500mAh, hỗ trợ sạc nhanh 18W th&ocirc;ng qua cổng USB-C. C&aacute;c th&ocirc;ng số kỹ thuật kh&aacute;c của m&aacute;y bao gồm 2 SIM, Wi-Fi 802.11ac, hỗ trợ mở rộng dung lượng bằng thẻ nhớ microSD v&agrave; c&oacute; jack cắm tai nghe 3.5mm.</p>\r\n\r\n<p>Vivo V19 Neo c&oacute; hai biến thể m&agrave;u sắc cho người d&ugrave;ng lựa chọn, bao gồm Xanh (Admiral Blue) v&agrave; Trắng (Crystal White). Sản phẩm hiện đ&atilde; l&ecirc;n kệ tại Philippines với gi&aacute; b&aacute;n lẻ 17.999 Peso (tương đương 8.3 triệu đồng).</p>\r\n', '1592233040_vivo-v19.jpg', 'vivi v19 ', 1, 'Genk', 23, 1, '2020-06-15 07:57:20', '2020-06-15 07:57:20'),
(3, 'Rút cục thì Apple nên ra mắt iPhone 12 vào lúc nào', 'rut-cuc-thi-apple-nen-ra-mat-iphone-12-vao-luc-nao', 'Tuan Kiet', '<p>C&aacute;c th&ocirc;ng tin r&ograve; rỉ đều cho rằng iPhone 12 sẽ ra mắt muộn hơn mọi năm. C&oacute; nguồn tin c&ograve;n cho rằng iPhone 12 phải đợi tới 2021 mới l&ecirc;n kệ. Nhưng đ&acirc;y mới l&agrave; mốc thời gian m&agrave; Apple thực sự n&ecirc', '<p>Ngay v&agrave;o l&uacute;c n&agrave;y đ&acirc;y, iPhone 12 vẫn l&agrave; một ẩn số lớn. C&aacute;c th&ocirc;ng tin r&ograve; rỉ đ&atilde; bắt đầu đặt ra những chi tiết đầu ti&ecirc;n về iPhone mới (4 model, m&agrave;n h&igrave;nh OLED, camera Lidar), nhưng theo đ&uacute;ng truyền thống của Apple - tất cả chỉ c&oacute; thể coi l&agrave; tin đồn cho đến khi Apple thực sự diễn ra.</p>\r\n\r\n<p>V&agrave;, x&eacute;t tới những ảnh hưởng nặng nề do Covid-19 hay do t&igrave;nh trạng bạo loạn tại Mỹ, điều duy nhất ch&uacute;ng ta c&oacute; thể chắc chắn l&agrave; Apple sẽ kh&ocirc;ng kịp v&eacute;n m&agrave;n hay ph&aacute;t h&agrave;nh iPhone v&agrave;o th&aacute;ng 9 như mọi năm.</p>\r\n\r\n<p>&nbsp;</p>\r\n\r\n<p><img alt=\"Rút cục thì Apple nên ra mắt iPhone 12 vào lúc nào? - Ảnh 1.\" id=\"img_194459787105738752\" src=\"https://genk.mediacdn.vn/thumb_w/660/139269124445442048/2020/6/8/thong-tin-iphone-12-6-1-inch-2-15916268263681270256054.jpg\" title=\"Rút cục thì Apple nên ra mắt iPhone 12 vào lúc nào? - Ảnh 1.\" /></p>\r\n\r\n<p>Danh mục iPhone 2020 sẽ chứng kiến nhiều thay đổi, từ số lượng, gi&aacute; b&aacute;n, c&ocirc;ng nghệ cho đến ng&agrave;y ph&aacute;t h&agrave;nh.</p>\r\n\r\n<p>Một khung thời gian như thế n&agrave;o sẽ l&agrave; hợp l&yacute;? Dựa theo c&aacute;c th&ocirc;ng tin mới r&ograve; rỉ từ chuỗi cung ứng, Apple sẽ chỉ bắt đầu chu tr&igrave;nh sản xuất cho 2 mẫu iPhone 6.1 inch v&agrave;o th&aacute;ng 7 thay v&igrave; th&aacute;ng 6 như mọi năm. Nếu như Apple giữ nguy&ecirc;n lịch tr&igrave;nh &quot;sản xuất sớm 3 th&aacute;ng&quot; như mọi năm, c&aacute;c iFan sẽ được đ&oacute;n nhận thế hệ iPhone mới v&agrave;o th&aacute;ng 10, tức l&agrave; muộn 1 th&aacute;ng so với th&ocirc;ng thường.</p>\r\n\r\n<p>Một mốc thời gian như vậy sẽ l&agrave; ho&agrave;n to&agrave;n hợp l&yacute; với những g&igrave; vừa xảy ra đối với Apple v&agrave; nền kinh tế to&agrave;n cầu. V&agrave;o đầu năm nay, do ảnh hưởng từ Covid-19, cả chuỗi cung ứng của Apple tại Trung Quốc cũng như &quot;đầu n&atilde;o&quot; nghi&ecirc;n cứu/thiết kế tại California đều đ&atilde; phải đ&oacute;ng cửa, cho ph&eacute;p nh&acirc;n vi&ecirc;n l&agrave;m việc tại nh&agrave;. Do đ&oacute;, việc Apple phải đẩy l&ugrave;i ng&agrave;y sản xuất, ra mắt v&agrave; ph&aacute;t h&agrave;nh iPhone đ&atilde; được nhiều người dự đo&aacute;n từ trước.</p>\r\n', '1592233104_iphone-12.jpg', 'iphone 12', 1, 'Genk', 22, 1, '2020-06-15 07:58:24', '2020-06-15 07:58:24'),
(4, 'Galaxy S20 giảm giá tới 10 triệu chỉ sau hơn 3 tháng lên kệ tại VN', 'galaxy-s20-giam-gia-toi-10-trieu-chi-sau-hon-3-thang-len-ke-tai-vn', 'admin', '<p>Tin buồn cho những ai đ&atilde; mua Galaxy S20 ở thời điểm mới ra mắt, nhưng lại l&agrave; tin vui cho những ai đang c&oacute; &yacute; định mua m&aacute;y ở thời điểm hiện tại.</p>\r\n', '<p>Bộ ba Galaxy S20, Galaxy S20+ v&agrave; Galaxy S20 Ultra được Samsung ch&iacute;nh thức đưa l&ecirc;n kệ c&aacute;c nh&agrave; b&aacute;n lẻ Việt Nam v&agrave;o ng&agrave;y 6/3. Với mức gi&aacute; lần lượt 21.5 triệu đồng, 24 triệu đồng v&agrave; 30 triệu đồng, Galaxy S20 series tiếp tục ph&aacute; vỡ những kỷ lục trước đ&oacute; của Samsung để trở th&agrave;nh bộ ba smartphone cao cấp với gi&aacute; cao nhất từ trước đến nay.</p>\r\n\r\n<p>Thế nhưng, doanh số của Galaxy S20 lại kh&ocirc;ng đạt được mức kỳ vọng của Samsung. Theo số liệu được ch&uacute;ng t&ocirc;i thu thập ở thời điểm đặt h&agrave;ng, số đơn đặt h&agrave;ng của Galaxy S20 chỉ bằng khoảng 1/4 so với Galaxy S10. C&ograve;n theo một b&aacute;o c&aacute;o gần đ&acirc;y từ&nbsp;<em>PCMag</em>, sau 7 tuần đầu ti&ecirc;n c&oacute; mặt tr&ecirc;n thị trường, doanh số của Galaxy S20 cũng chỉ bằng một nửa so với Galaxy S10.</p>\r\n\r\n<p>&nbsp;</p>\r\n\r\n<p><img alt=\"Galaxy S20 giảm giá tới 10 triệu chỉ sau hơn 3 tháng lên kệ tại VN - Ảnh 1.\" id=\"img_195448585430147072\" src=\"https://genk.mediacdn.vn/thumb_w/660/139269124445442048/2020/6/11/l1100366-15813650051221624399837-2-15918625735951216565460.jpg\" title=\"Galaxy S20 giảm giá tới 10 triệu chỉ sau hơn 3 tháng lên kệ tại VN - Ảnh 1.\" /></p>\r\n\r\n<p>Galaxy S20 series</p>\r\n\r\n<p>C&oacute; rất nhiều l&yacute; do khiến cho doanh số Galaxy S20 bị ảnh hưởng. Sản phẩm k&eacute;m hấp dẫn, gi&aacute; cao, hoặc cũng c&oacute; thể l&agrave; do dịch COVID-19. Cho d&ugrave; l&yacute; do c&oacute; l&agrave; g&igrave;, điều m&agrave; Samsung quan t&acirc;m l&uacute;c n&agrave;y chắc chắn sẽ l&agrave; t&igrave;m c&aacute;ch để th&uacute;c đẩy doanh số.</p>\r\n\r\n<p>Trong đ&oacute;, một trong những c&aacute;ch đơn giản m&agrave; hiệu quả nhất m&agrave; Samsung c&oacute; thể l&agrave;m l&agrave; giảm gi&aacute; b&aacute;n sản phẩm. V&agrave; c&oacute; vẻ như đ&oacute; sẽ l&agrave; c&aacute;ch m&agrave; Samsung sẽ l&agrave;m trong thời gian tới tại thị trường Việt Nam.</p>\r\n', '1592233161_samsung-s20.jpg', 'Galaxy S20', 1, 'Genk', 23, 1, '2020-06-15 07:59:21', '2020-06-15 07:59:21'),
(5, 'Motorola quay trở lại với One Fusion+: Camera selfie thò thụt, Snapdragon 730, pin 5000mAh, giá 7.9 triệu đồng', 'motorola-quay-tro-lai-voi-one-fusion-camera-selfie-tho-thut-snapdragon-730-pin-5000mah-gia-79-trieu-dong', 'Tuan Kiet', '<p>Motorola vừa quay trở lại cuộc đua với One Fusion+, smartphone c&oacute; camera selfie th&ograve; thụt thứ hai của h&atilde;ng.</p>\r\n', '<p>Motorola vừa ra mắt một mẫu smartphone tầm trung mới tại ch&acirc;u &Acirc;u, c&oacute; t&ecirc;n gọi đầy đủ l&agrave; Motorola One Fusion+. Đồng thời, đ&acirc;y cũng l&agrave; mẫu điện thoại thứ hai của Motorola sử dụng cơ chế camera selfie th&ograve; thụt, sau chiếc One Hyper m&agrave; c&ocirc;ng ty từng giới thiệu v&agrave;o cuối năm ngo&aacute;i.</p>\r\n\r\n<p>&nbsp;</p>\r\n\r\n<p><img alt=\"Motorola quay trở lại với One Fusion+: Camera selfie thò thụt, Snapdragon 730, pin 5000mAh, giá 7.9 triệu đồng - Ảnh 1.\" id=\"img_194515683552505856\" src=\"https://genk.mediacdn.vn/thumb_w/660/139269124445442048/2020/6/9/one-fusion-1591640157297283420845.jpg\" title=\"Motorola quay trở lại với One Fusion+: Camera selfie thò thụt, Snapdragon 730, pin 5000mAh, giá 7.9 triệu đồng - Ảnh 1.\" /></p>\r\n\r\n<p><strong>Th&ocirc;ng số kỹ thuật v&agrave; t&iacute;nh năng</strong></p>\r\n\r\n<p>Motorola One Fusion+ được trang bị m&agrave;n h&igrave;nh IPS LCD 6.5 inch với độ ph&acirc;n giải Full HD+, hỗ trợ HDR10. Ở b&ecirc;n trong, m&aacute;y sở hữu sức mạnh phần cứng đến từ vi xử l&yacute; Snapdragon 730 của Qualcomm, kết hợp với 6GB RAM v&agrave; 128GB bộ nhớ, c&oacute; thể mở rộng l&ecirc;n đến 1TB th&ocirc;ng qua thẻ nhớ microSD.</p>\r\n\r\n<p>Di chuyển tới mặt lưng,&nbsp;Motorola One Fusion+ mang tr&ecirc;n m&igrave;nh hệ thống 4 camera xếp theo chiều dọc v&agrave; đặt ở g&oacute;c ph&iacute;a tr&ecirc;n c&ugrave;ng b&ecirc;n tr&aacute;i. Cụm camera n&agrave;y bao gồm cảm biến ch&iacute;nh 64MP f/1.8, camera g&oacute;c si&ecirc;u rộng 8MP f/2.2 với g&oacute;c nh&igrave;n 115 độ, camera macro 5MP f/2.4 v&agrave; cảm biến chiều s&acirc;u 2MP f/2.4.</p>\r\n', '1592233226_motorola.jpg', 'motorola', 1, 'Genk', 23, 1, '2020-06-15 08:00:26', '2020-06-15 08:00:26'),
(6, 'Acer ra mắt laptop gaming Aspire 7 mới: cấu hình và tản nhiệt bậc nhất trong phân khúc', 'acer-ra-mat-laptop-gaming-aspire-7-moi-cau-hinh-va-tan-nhiet-bac-nhat-trong-phan-khuc', 'Tuan Kiet', '<p>Acer Việt Nam giới thiệu chiếc laptop gaming Aspire 7 mới trong d&ograve;ng sản phẩm d&agrave;nh ri&ecirc;ng cho game thủ của m&igrave;nh. Aspire 7 sở hữu thiết kế mới gọn g&agrave;ng, hệ thống tản nhiệt ti&ecirc;n tiến, c&ugrave;ng cấu h&igrave;nh tra', '<p>Acer Aspire 7 sở hữu thiết kế mới gi&uacute;p người d&ugrave;ng c&oacute; thể sử dụng đa dạng trong mọi ho&agrave;n cảnh, từ chiến những tựa game hot tại nh&agrave; hay khi l&agrave;m việc. M&aacute;y sở hữu m&agrave;n h&igrave;nh FullHD IPS cho g&oacute;c nh&igrave;n v&agrave; khả năng quan s&aacute;t rộng v&agrave; m&agrave;u sắc sống động.</p>\r\n\r\n<p>Cấu h&igrave;nh cao nhất của Aspire 7 gồm vi xử l&yacute; AMD Ryzen 7 3750H, card đồ họa NVIDIA GeForce GTX 1650 4GB GDDR6, bộ nhớ 8GB RAM, dung lượng lưu trữ 512GB SSD NVMe PCIe. Chiếc m&aacute;y c&oacute; khả năng n&acirc;ng cấp l&ecirc;n đến 1TB SSD PCIe NVMe, hai khe RAM DDR4 c&oacute; thể n&acirc;ng cấp tối đa l&ecirc;n đến 32GB, đảm bảo trải nghiệm chơi game mượt m&agrave; nhất.</p>\r\n\r\n<p>Với cấu h&igrave;nh n&agrave;y, game thủ c&oacute; thể chinh chiến dễ d&agrave;ng tất cả c&aacute;c tựa game hạng nặng như Call Of Duty, PUBG hay Apex Legends. Card đồ họa NVIDIA GeForce GTX 1650 gi&uacute;p m&aacute;y c&oacute; thể đạt được tốc độ khung h&igrave;nh tr&ecirc;n 100 fps ở độ ph&acirc;n giải FullHD. Card đồ họa n&agrave;y được trang bị kiến tr&uacute;c NVIDIA Turing với nhiều nh&acirc;n hơn, xung nhịp cao hơn c&ugrave;ng bộ nhớ nhanh hơn mang lại hiệu suất đỉnh cao v&agrave; đảm bảo t&iacute;nh ch&acirc;n thực nhất của h&igrave;nh ảnh, đảm bảo trải nghiệm chơi game bất tận.</p>\r\n\r\n<p><iframe frameborder=\"no\" id=\"native_ad_ifr_504294_2013307\" scrolling=\"no\" src=\"javascript:void(0)\"></iframe></p>\r\n\r\n<p>&nbsp;</p>\r\n\r\n<p><a href=\"https://channel.mediacdn.vn/2020/6/10/photo-1-15917822750772089808701.jpg\" target=\"_blank\" title=\"\"><img alt=\"Acer ra mắt laptop gaming Aspire 7 mới: cấu hình và tản nhiệt bậc nhất trong phân khúc - Ảnh 2.\" id=\"img_febdd410-aafe-11ea-9e0a-c7b73dae3746\" src=\"https://channel.mediacdn.vn/thumb_w/640/2020/6/10/photo-1-15917822750772089808701.jpg\" title=\"Acer ra mắt laptop gaming Aspire 7 mới: cấu hình và tản nhiệt bậc nhất trong phân khúc - Ảnh 2.\" /></a></p>\r\n\r\n<p>L&agrave; d&ograve;ng m&aacute;y gaming phổ th&ocirc;ng n&ecirc;n Aspire 7 cũng được trang bị hệ thống tản nhiệt mạnh mẽ bậc nhất trong ph&acirc;n kh&uacute;c, thừa hưởng c&ocirc;ng nghệ từ c&aacute;c d&ograve;ng m&aacute;y cao cấp hơn của Acer. B&ecirc;n trong hệ thống tản nhiệt n&agrave;y c&oacute; tới 2 quạt tản nhiệt , 3 ống đồng full-size, v&agrave; 3 khe tản nhiệt cỡ lớn, kh&ocirc;ng kh&aacute;c g&igrave; c&aacute;c mẫu laptop gaming thực thụ. Ba khe tản nhiệt tr&ecirc;n Aspire 7 được thiết kế lớn hơn gấp đ&ocirc;i so với th&ocirc;ng thường, kết hợp với c&aacute;c khe h&uacute;t gi&oacute; ở đ&aacute;y m&aacute;y gi&uacute;p h&uacute;t gi&oacute; v&agrave;o tốt hơn, tối ưu khả năng tản nhiệt v&agrave; giữ ổn định cho hệ thống trong suốt những trận combat căng thẳng. Với Aspire 7, người d&ugrave;ng c&oacute; thể thoải m&aacute;i trải nghiệm nhiều game kh&aacute;c nhau hoặc c&aacute;c t&aacute;c vụ nặng như chỉnh sửa video m&agrave; kh&ocirc;ng phải lo lắng về nhiệt độ của m&aacute;y cũng như c&aacute;c linh kiện b&ecirc;n trong.</p>\r\n\r\n<p>&nbsp;</p>\r\n\r\n<p><a href=\"https://channel.mediacdn.vn/2020/6/10/photo-2-15917822750821810003321.jpg\" target=\"_blank\" title=\"\"><img alt=\"Acer ra mắt laptop gaming Aspire 7 mới: cấu hình và tản nhiệt bậc nhất trong phân khúc - Ảnh 3.\" id=\"img_feb68110-aafe-11ea-8bdb-5386796b0dfe\" src=\"https://channel.mediacdn.vn/thumb_w/640/2020/6/10/photo-2-15917822750821810003321.jpg\" title=\"Acer ra mắt laptop gaming Aspire 7 mới: cấu hình và tản nhiệt bậc nhất trong phân khúc - Ảnh 3.\" /></a></p>\r\n\r\n<p>Aspire 7 được hưởng Bảo h&agrave;nh 3S1 si&ecirc;u nhanh: bảo h&agrave;nh nhanh, trong v&ograve;ng 3 ng&agrave;y kể cả thứ 7 v&agrave; chủ nhật, qu&aacute; 3 ng&agrave;y 1 đổi 1 sản phẩm mới c&oacute; gi&aacute; trị tương đương hoặc cao hơn. Chi tiết về Bảo h&agrave;nh 3S1 vui l&ograve;ng truy cập&nbsp;<a href=\"https://www.acervietnam.com.vn/tin-tuc/chinh-sach-bao-hanh-3s1\" rel=\"nofollow\" target=\"_blank\" title=\"vào đây.\">v&agrave;o đ&acirc;y.</a></p>\r\n\r\n<p>Laptop gaming Acer Aspire 7 l&ecirc;n kệ tại thị trường Việt Nam với gi&aacute; b&aacute;n lẻ từ 17.990.000 tại c&aacute;c đại l&yacute; kinh doanh sản phẩm Acer tr&ecirc;n to&agrave;n quốc. Đ&acirc;y được coi l&agrave; chiếc laptop được trang bị card đồ họa NVIDIA GeForce GTX 1650 c&oacute; gi&aacute; b&aacute;n tốt nhất trong ph&acirc;n kh&uacute;c ở thị trường hiện tại.</p>\r\n', '1592233296_aspre7.jpg', 'Galaxy S7, Galaxy S7,Galaxy S7', 1, 'Genk', 22, 1, '2020-06-15 08:01:36', '2020-06-15 08:01:36'),
(7, 'Microsoft liệu có cần ra mắt một chiếc Surface Book Pro giống như MacBook Pro?', 'microsoft-lieu-co-can-ra-mat-mot-chiec-surface-book-pro-giong-nhu-macbook-pro', 'admin', '<p>Ch&uacute;ng ta đ&atilde; qu&aacute; quen với c&aacute;i t&ecirc;n MacBook Pro v&agrave; thừa hiểu rằng, đ&acirc;y l&agrave; một trong những d&ograve;ng laptop cao cấp nhất của Apple. Nhưng c&ograve;n với Surface, sẽ thật th&uacute; vị nếu c&oacute; mộ', '<p>Nhiều người cho rằng, Surface Book v&agrave; MacBook Pro đều l&agrave; những si&ecirc;u phẩm của Microsoft v&agrave; Apple. Sự kh&aacute;c biệt giữa hai thiết bị n&agrave;y c&oacute; lẽ chỉ l&agrave; t&ecirc;n gọi v&agrave; thiết kế.</p>\r\n\r\n<p>Surface Book hiện đ&atilde; trải qua ba đời v&agrave; vẫn duy tr&igrave; thiết kế 2-trong-1 quen thuộc, cho ph&eacute;p n&oacute; c&oacute; thể sử dụng như một chiếc m&aacute;y t&iacute;nh bảng (kh&ocirc;ng c&oacute; b&agrave;n ph&iacute;m) hoặc như một chiếc m&aacute;y t&iacute;nh truyền thống khi gắn th&ecirc;m b&agrave;n ph&iacute;m. V&agrave; nhờ m&agrave;n h&igrave;nh cảm ứng n&ecirc;n Surface Book cũng hỗ trợ thao t&aacute;c cảm ứng, b&uacute;t stylus v&agrave; phụ kiện Surface Dial.</p>\r\n\r\n<p>Mặt kh&aacute;, MacBook Pro của Apple lại chỉ gắn b&oacute; với h&igrave;nh thức laptop truyền thống v&igrave; Apple cho rằng, việc đưa thiết kế cảm ứng l&ecirc;n laptop kh&ocirc;ng c&oacute; &yacute; nghĩa g&igrave;. Do đ&oacute;, kh&aacute;i niệm sản phẩm 2-trong-1 của Apple sẽ chỉ &aacute;p dụng độc quyền cho iPad.</p>\r\n\r\n<p>Nhưng bất chấp sự kh&aacute;c biệt n&agrave;y, nhiều người khi t&igrave;m mua một chiếc laptop cao cấp vẫn coi đ&acirc;y l&agrave; hai ứng cử vi&ecirc;n h&agrave;ng đầu trong danh s&aacute;ch lựa chọn của họ. V&agrave; r&otilde; r&agrave;ng cảm ứng vẫn l&agrave; yếu tố chi phối h&agrave;ng đầu trong suy nghĩ của họ.</p>\r\n\r\n<p>Microsoft gần đ&acirc;y đ&atilde; cho ra mắt Surface Book thế hệ thứ ba với nhiều n&acirc;ng cấp đ&aacute;ng kể về phần cứng. V&agrave; d&ugrave; những cải tiến n&agrave;y r&otilde; r&agrave;ng rất hợp với những ai muốn c&oacute; con chip Intel cao cấp nhất, nhiều RAM v&agrave; bộ nhớ trong hơn.</p>\r\n\r\n<p>&nbsp;</p>\r\n\r\n<p><a href=\"https://genk.mediacdn.vn/139269124445442048/2020/6/8/2020-06-08104137-15915882137751903064170.jpg\" target=\"_blank\" title=\"\"><img alt=\"Microsoft liệu có cần ra mắt một chiếc Surface Book Pro giống như MacBook Pro? - Ảnh 2.\" id=\"img_194297844585443328\" src=\"https://genk.mediacdn.vn/thumb_w/660/139269124445442048/2020/6/8/2020-06-08104137-15915882137751903064170.jpg\" title=\"Microsoft liệu có cần ra mắt một chiếc Surface Book Pro giống như MacBook Pro? - Ảnh 2.\" /></a></p>\r\n\r\n<p>Nhưng h&atilde;y thử c&ocirc;ng bằng đặt Surface Book cạnh MacBook Pro v&agrave; c&ugrave;ng xem x&eacute;t cấu h&igrave;nh giữa hai m&aacute;y, ch&uacute;ng ta sẽ thấy một sự kh&aacute;c biệt đ&aacute;ng để c&acirc;n nhắc.</p>\r\n\r\n<p>Gi&aacute; cả l&agrave; điều đầu ti&ecirc;n tạo ra sự kh&aacute;c biệt giữa hai thiết bị. Chắc chắn rằng, MacBook l&agrave; thiết bị c&oacute; gi&aacute; si&ecirc;u đắt, thậm ch&iacute; model c&oacute; cấu h&igrave;nh cao nhất cũng c&oacute; gi&aacute; gấp gần 2 lần so với Surface Book 3.</p>\r\n', '1592233362_surface.jpg', 'surface book pro, macbook pro', 1, 'Genk', 22, 1, '2020-06-15 08:02:42', '2020-06-15 08:02:42'),
(8, 'IdeaPad S340 và S540: bộ đôi laptop “chuẩn chỉ” cho làm việc, học tập từ xa', 'ideapad-s340-va-s540-bo-doi-laptop-chuan-chi-cho-lam-viec-hoc-tap-tu-xa', 'admin', '<p>C&uacute; &ldquo;h&iacute;ch&rdquo; Covid-19 đ&atilde; khiến h&igrave;nh thức học tập, l&agrave;m việc trực tuyến tại nh&agrave; trở n&ecirc;n phổ biến hơn bao giờ hết, đi k&egrave;m với đ&oacute; l&agrave; nhu cầu sử dụng m&aacute;y t&iacute;nh cũng t', '<p>Trong một nghi&ecirc;n cứu hồi th&aacute;ng 3 năm nay của Lenovo với c&aacute;c c&ocirc;ng ty v&agrave; nh&acirc;n vi&ecirc;n l&agrave;m việc tại nh&agrave;, 71% người được hỏi cảm thấy cần phải được sử dụng c&ocirc;ng nghệ m&agrave; họ cần. Theo đ&oacute;, khi l&agrave;m việc tại nh&agrave;, những thiết bị mới, hay laptop v&agrave; m&aacute;y trạm di động cho ph&eacute;p bạn vẫn giữ được nhịp l&agrave;m việc như b&igrave;nh thường, khiến bạn cảm thấy lu&ocirc;n t&iacute;ch cực v&agrave; hứng khởi. Bạn kh&ocirc;ng phải ngồi trong &quot;văn ph&ograve;ng tại gia&quot; cả ng&agrave;y m&agrave; thay v&agrave;o đ&oacute;, bạn c&oacute; thể thoải m&aacute;i di chuyển ra ghế sofa hoặc khu bếp với laptop của bạn. V&agrave; bạn cũng kh&ocirc;ng phải lo lăng về thời lượng của pin. Những t&iacute;nh năng dự ph&ograve;ng th&ocirc;ng minh tăng cường c&oacute; trong laptop sẽ gi&uacute;p tăng 30% thời lượng pin b&igrave;nh thường, do đ&oacute; bạn c&oacute; thể thoải m&aacute;i di chuyển mọi nơi.</p>\r\n\r\n<p>Nổi bật trong số những d&ograve;ng laptop được người d&ugrave;ng ưa chuộng trong thời gian qua phải kể đến c&aacute;c model Lenovo IdeaPad S340/S540. Đ&acirc;y l&agrave; những mẫu laptop c&oacute; thiết kế gọn nhẹ, thời trang, nhiều t&ugrave;y chọn m&agrave;u sắc, thiết kế vỏ nh&ocirc;m liền khối sắc sảo, ph&ugrave; hợp với nhiều đối tượng từ học sinh, sinh vi&ecirc;n đến d&acirc;n văn ph&ograve;ng, c&ocirc;ng sở.</p>\r\n\r\n<p>Nhờ k&iacute;ch thước gọn nhẹ, người d&ugrave;ng c&oacute; thể mang IdeaPad S340/S540 đến bất kỳ căn ph&ograve;ng n&agrave;o trong nh&agrave;, từ ph&ograve;ng ngủ, ph&ograve;ng kh&aacute;ch, ph&ograve;ng l&agrave;m việc cho đến ph&ograve;ng bếp... tuỳ thuộc v&agrave;o bối cảnh v&agrave; nhu cầu thực tế.&nbsp;</p>\r\n\r\n<p>Hay trong trường hợp bạn đ&atilde; l&agrave;m việc li&ecirc;n tục trong một khoảng thời gian d&agrave;i v&agrave; muốn ngả lưng tr&ecirc;n giường hay sofa một ch&uacute;t nhưng vẫn cần tiếp tục c&ocirc;ng việc dở dang, bộ đ&ocirc;i IdeaPad cũng sẵn s&agrave;ng phục vụ tận nơi.</p>\r\n\r\n<p>Cặp laptop n&agrave;y c&ograve;n tỏ ra đặc biệt ph&ugrave; hợp với c&aacute;c kh&ocirc;ng gian l&agrave;m việc y&ecirc;n tĩnh, cần sự tập trung cao độ do tiếng ồn từ quạt tản nhiệt đ&atilde; được giảm thiểu tối đa, gi&uacute;p m&aacute;y chạy &ecirc;m &aacute;i m&agrave; vẫn m&aacute;t mẻ. Phần b&agrave;n ph&iacute;m được tinh chỉnh lại để kh&ocirc;ng ph&aacute;t ra tiếng ồn kh&oacute; chịu khi g&otilde; nhanh, nhưng vẫn c&oacute; độ nảy tốt, độ ch&iacute;nh x&aacute;c cao. C&aacute;c ph&iacute;m bấm bố tr&iacute; hợp l&yacute;, tiện thao t&aacute;c.</p>\r\n\r\n<p>Pin l&agrave; một trong những ti&ecirc;u ch&iacute; bạn cần đặc biệt quan t&acirc;m khi chọn mua laptop, bởi chắc hẳn chả ai muốn l&uacute;c n&agrave;o cũng phải k&egrave; k&egrave; mang theo bộ sạc lỉnh kỉnh v&agrave; loay hoay t&igrave;m chỗ ngồi cạnh khu vực c&oacute; ổ điện. C&aacute;c laptop phổ th&ocirc;ng hiện nay thường c&oacute; thời lượng pin từ 3-5 giờ sử dụng li&ecirc;n tục, nhất l&agrave; ở những d&ograve;ng m&aacute;y mỏng nhẹ.</p>\r\n\r\n<p>&nbsp;</p>\r\n\r\n<p><a href=\"https://channel.mediacdn.vn/2020/6/2/photo-1-15910848956961811918432.jpg\" target=\"_blank\" title=\"Thiết kế gọn gàng, mỏng nhẹ, cho khả năng di động tối đa khi làm việc\"><img alt=\"IdeaPad S340 và S540: bộ đôi laptop “chuẩn chỉ” cho làm việc, học tập từ xa - Ảnh 2.\" id=\"img_47727ac0-a4a7-11ea-be0d-772e88dbbef1\" src=\"https://channel.mediacdn.vn/thumb_w/640/2020/6/2/photo-1-15910848956961811918432.jpg\" title=\"IdeaPad S340 và S540: bộ đôi laptop “chuẩn chỉ” cho làm việc, học tập từ xa - Ảnh 2.\" /></a></p>\r\n\r\n<p>Thiết kế gọn g&agrave;ng, mỏng nhẹ, cho khả năng di động tối đa khi l&agrave;m việc</p>\r\n', '1592233439_lenovo.jpg', 'ideapad s340, s540', 1, 'Genk', 22, 1, '2020-06-15 08:03:59', '2020-06-15 08:03:59'),
(9, 'Predator Triton 500 – laptop gaming được săn lùng hàng đầu năm 2020', 'predator-triton-500-laptop-gaming-duoc-san-lung-hang-dau-nam-2020', 'Tuan Kiet', '<p>Được Acer Việt Nam giới thiệu v&agrave;o đầu th&aacute;ng 4, Predator Triton 500 với trang bị vi xử l&yacute; v&agrave; card đồ họa mới, hệ thống 3 quạt tản nhiệt gồm quạt AeroBlade 3D thế hệ thứ 4, c&ugrave;ng chế độ bảo h&agrave;nh 3S1 si&ecirc;u nha', '<p><strong>Ngoại h&igrave;nh th&aacute;ch thức mọi đối thủ</strong></p>\r\n\r\n<p>Như những d&ograve;ng m&aacute;y Predator kh&aacute;c, Triton 500 c&oacute; ngoại h&igrave;nh hầm hố đ&uacute;ng chuẩn gaming. Với vỏ nh&ocirc;m nguy&ecirc;n khối c&ugrave;ng tone m&agrave;u đen, kết hợp với logo Predator c&oacute; đ&egrave;n led ph&aacute;t s&aacute;ng m&agrave;u Electric Blue, chiếc m&aacute;y như đang th&aacute;ch thức mọi đối thủ đang đứng trước mặt n&oacute;. L&agrave; chiếc m&aacute;y ở ph&acirc;n kh&uacute;c cao cấp, kh&ocirc;ng ngạc nhi&ecirc;n khi độ ho&agrave;n thiện c&aacute;c chi tiết của Triton 500 đ&atilde; đạt tới mức tuyệt đối với c&aacute;c đường v&aacute;t cắt gọn g&agrave;ng v&agrave; tinh tế.</p>\r\n\r\n<p>&nbsp;</p>\r\n\r\n<p><a href=\"https://channel.mediacdn.vn/2020/5/11/photo-1-15891874799271581269526.jpg\" target=\"_blank\" title=\"\"><img alt=\"Predator Triton 500 – laptop gaming được săn lùng hàng đầu năm 2020 - Ảnh 2.\" id=\"img_841fadb0-9365-11ea-887d-7173788849cf\" src=\"https://channel.mediacdn.vn/thumb_w/640/2020/5/11/photo-1-15891874799271581269526.jpg\" title=\"Predator Triton 500 – laptop gaming được săn lùng hàng đầu năm 2020 - Ảnh 2.\" /></a></p>\r\n\r\n<p>Predator Triton 500 l&agrave; laptop gaming si&ecirc;u mỏng nhẹ n&ecirc;n m&aacute;y chỉ nặng 2.1kg v&agrave; độ mỏng 17.9 mm, dễ d&agrave;ng cho game thủ mang đi chinh chiến khắp nơi. Ở b&ecirc;n trong, viền m&agrave;n h&igrave;nh đ&atilde; được l&agrave;m mỏng cho tỷ lệ so với th&acirc;n m&aacute;y lớn. Ch&iacute;nh điều n&agrave;y cũng gi&uacute;p cho cả cỗ m&aacute;y chiến game c&oacute; cảm gi&aacute;c gọn nhẹ đi rất nhiều. Triton 500 được trang bị bản lề gập mở l&ecirc;n tới 180 độ mang lại khả năng điều khiển linh động. Cạnh sau của m&aacute;y l&agrave; hốc tản nhiệt được v&aacute;t theo c&aacute;c h&igrave;nh tam gi&aacute;c với m&agrave;u xanh l&agrave; điểm nhấn mang lại cảm gi&aacute;c Predator.</p>\r\n\r\n<p><strong>Hệ thống tản nhiệt ti&ecirc;n tiến</strong></p>\r\n\r\n<p>M&aacute;y được trang bị hệ thống tản nhiệt tới 3 quạt l&agrave;m m&aacute;t gồm một quạt AeroBlade 3DTM thế hệ thứ 4 với hiệu năng tản nhiệt được cải thiện hơn 45% so với quạt tản nhiệt th&ocirc;ng thường. Theo đ&oacute;, quạt AeroBlade 3DTM n&agrave;y được cấu th&agrave;nh từ 59 l&aacute; quạt c&aacute;nh th&eacute;p, mỏng chỉ 0.1mm, c&oacute; c&aacute;c r&atilde;nh răng cưa ở mỗi l&aacute; quạt gi&uacute;p cải thiện khả năng l&agrave;m m&aacute;t cũng như giảm thiểu tiếng ồn khi phải chạy ở hiệu suất cao.</p>\r\n\r\n<p>&nbsp;</p>\r\n\r\n<p><a href=\"https://channel.mediacdn.vn/2020/5/11/photo-2-15891874799331038629990.jpg\" target=\"_blank\" title=\"\"><img alt=\"Predator Triton 500 – laptop gaming được săn lùng hàng đầu năm 2020 - Ảnh 3.\" id=\"img_84372d50-9365-11ea-887d-7173788849cf\" src=\"https://channel.mediacdn.vn/thumb_w/640/2020/5/11/photo-2-15891874799331038629990.jpg\" title=\"Predator Triton 500 – laptop gaming được săn lùng hàng đầu năm 2020 - Ảnh 3.\" /></a></p>\r\n\r\n<p>Ở bản n&acirc;ng cấp mới nhất, hệ thống tản nhiệt đ&atilde; được cải tiến một c&aacute;ch vượt trội, mặc d&ugrave; ở thế hệ trước đ&oacute; chiếc m&aacute;y đ&atilde; c&oacute; khả năng l&agrave;m m&aacute;t được đ&aacute;nh gi&aacute; tốt h&agrave;ng đầu trong ph&acirc;n kh&uacute;c. Acer đ&atilde; trang bị th&ecirc;m cho Predator Triton 500 cơ chế tản nhiệt bằng luồng gi&oacute; xo&aacute;y (Vortex Flow) gi&uacute;p tăng luồng gi&oacute; tho&aacute;t ra ngo&agrave;i. Cơ chế n&agrave;y bao gồm 5 ống đồng được phủ sơn c&aacute;ch nhiệt v&agrave; trang bị tới bốn khe tho&aacute;t gi&oacute;, gi&uacute;p l&agrave;m m&aacute;t kh&ocirc;ng những CPU v&agrave; GPU như những laptop kh&aacute;c m&agrave; c&ograve;n cả bề mặt m&aacute;y v&agrave; những linh kiện b&ecirc;n trong như SSD v&agrave; RAM. Nhờ vậy, Predator Triton 500 c&oacute; hiệu năng tản nhiệt đỉnh cao, tốt hơn đến 33% so với thế hệ trước cũng như giảm 7% độ ồn.</p>\r\n\r\n<p>Ph&iacute;m n&oacute;ng Turbo được bố tr&iacute; ngay tr&ecirc;n b&agrave;n ph&iacute;m, c&ugrave;ng c&ocirc;ng nghệ Acer CoolBoostTM gi&uacute;p người d&ugrave;ng c&oacute; thể nhanh ch&oacute;ng &eacute;p xung, tăng tốc hệ thống v&agrave; tản nhiệt ngay lập tức trong những trận chiến căng thẳng.</p>\r\n', '1592233545_predator-triton.jpg', 'predator triton 500', 1, 'thegoididong.com', 22, 1, '2020-06-15 08:05:45', '2020-06-15 08:05:45'),
(10, 'Google cấm nhân viên sử dụng Zoom trên laptop vì những lo ngại về bảo mật', 'google-cam-nhan-vien-su-dung-zoom-tren-laptop-vi-nhung-lo-ngai-ve-bao-mat', 'Tuan Kiet', '<p>Tuy vậy h&atilde;ng vẫn cho ph&eacute;p sử dụng ứng dụng nền web v&agrave; tr&ecirc;n thiết bị di động.</p>\r\n', '<p>Sau khi c&oacute; lượng người d&ugrave;ng tăng vọt trong thời gian vừa qua, ứng dụng l&agrave;m việc trực tuyến Zoom li&ecirc;n tục bị người d&ugrave;ng v&agrave; giới chuy&ecirc;n gia chỉ tr&iacute;ch v&igrave; lơ l&agrave; về vấn đề bảo mật, bảo vệ th&ocirc;ng tin c&aacute; nh&acirc;n của người d&ugrave;ng.</p>\r\n\r\n<p>Thậm ch&iacute; đến cả&nbsp;<a href=\"https://genk.vn/zoom-bi-chinh-co-dong-khoi-kien-vi-cao-buoc-che-giau-cac-lo-hong-trong-bao-mat-va-quyen-rieng-tu-20200409082038236.chn\" rel=\"nofollow\" target=\"_blank\" title=\"những cổ đông của hãng này cũng đã khởi kiện\"><em>những cổ đ&ocirc;ng của h&atilde;ng n&agrave;y cũng đ&atilde; khởi kiện</em></a>&nbsp;v&igrave; l&yacute; do tương tự. Mới đ&acirc;y, Alphabet (c&ocirc;ng ty mẹ của Google) đ&atilde; cấm nh&acirc;n vi&ecirc;n của m&igrave;nh sử dụng ứng dụng Zoom tr&ecirc;n laptop.</p>\r\n\r\n<p>&nbsp;</p>\r\n\r\n<p><a href=\"https://genk.mediacdn.vn/139269124445442048/2020/4/9/hoc-truc-tuyen-zoom-600-15863972980631213663589.png\" target=\"_blank\" title=\"\"><img alt=\"Google cấm nhân viên sử dụng Zoom trên laptop vì những lo ngại về bảo mật - Ảnh 1.\" id=\"img_172525566844112896\" src=\"https://genk.mediacdn.vn/139269124445442048/2020/4/9/hoc-truc-tuyen-zoom-600-15863972980631213663589.png\" title=\"Google cấm nhân viên sử dụng Zoom trên laptop vì những lo ngại về bảo mật - Ảnh 1.\" /></a></p>\r\n\r\n<p>Jose Castaneda, đại diện của Google ph&aacute;t biểu:&nbsp;<em>&quot;Đội an ninh mạng của ch&uacute;ng t&ocirc;i khuyến c&aacute;o rằng việc sử dụng Zoom tr&ecirc;n m&aacute;y t&iacute;nh laptop kh&ocirc;ng đạt những y&ecirc;u cầu về ti&ecirc;u chuẩn an ninh mạng từ Google.&quot;</em>&nbsp;Google hiện vẫn cho ph&eacute;p nh&acirc;n vi&ecirc;n sử dụng Zoom tr&ecirc;n nền web v&agrave; c&aacute;c thiết bị di động.</p>\r\n\r\n<p>Ứng dụng Zoom được ph&aacute;t triển bởi&nbsp;Zoom Video Communications Inc. hiện đang gặp 2 vấn đề lớn đ&oacute; l&agrave; kh&ocirc;ng c&oacute; những biện ph&aacute;p m&atilde; h&oacute;a đường truyền trong c&aacute;c buổi họp v&agrave; c&oacute; m&atilde; code tham gia rất dễ đo&aacute;n g&acirc;y ra hiện tượng&nbsp;&ldquo;zoombombing&rdquo; (giống như photo-bombing) khi m&agrave; những vị kh&aacute;ch lạ mặt cũng c&oacute; thể tham gia v&agrave;o cuộc họp của bất cứ ai.</p>\r\n', '1592233600_zoom.png', 'zoom', 1, 'Genk', 22, 1, '2020-06-15 08:06:40', '2020-06-15 08:06:40');

-- --------------------------------------------------------

--
-- Table structure for table `oders`
--

CREATE TABLE `oders` (
  `id` int(10) UNSIGNED NOT NULL,
  `c_id` int(10) UNSIGNED NOT NULL,
  `qty` int(11) NOT NULL,
  `sub_total` float NOT NULL,
  `total` float NOT NULL,
  `status` int(11) NOT NULL,
  `type` varchar(50) COLLATE utf8_unicode_ci NOT NULL,
  `note` varchar(255) COLLATE utf8_unicode_ci NOT NULL,
  `created_at` timestamp NULL DEFAULT NULL,
  `updated_at` timestamp NULL DEFAULT NULL
) ENGINE=InnoDB DEFAULT CHARSET=utf8 COLLATE=utf8_unicode_ci;

--
-- Dumping data for table `oders`
--

INSERT INTO `oders` (`id`, `c_id`, `qty`, `sub_total`, `total`, `status`, `type`, `note`, `created_at`, `updated_at`) VALUES
(1, 1, 2, 24980000, 24980000, 1, 'cod', 'ok giao hang nhanh nhat co the', '2020-06-16 01:52:14', '2020-06-16 01:52:14'),
(2, 1, 2, 24980000, 24980000, 1, 'cod', 'sad', '2020-06-16 01:59:19', '2020-06-16 01:59:19'),
(6, 1, 2, 24980000, 24980000, 1, 'cod', 'ok be le', '2020-06-16 02:59:19', '2020-06-16 02:59:19'),
(7, 1, 1, 15890000, 15890000, 1, 'cod', 'asd', '2020-06-16 03:01:19', '2020-06-16 02:59:19'),
(8, 1, 2, 31780000, 31780000, 1, 'cod', 'nhan hang nhanh', '2020-06-16 03:04:11', '2020-06-16 03:04:11'),
(9, 1, 1, 15890000, 15890000, 1, 'paypal', 'PAY-39X56047VY8578917LBKSMVA', '2020-06-16 03:09:18', '2020-06-16 03:09:18'),
(10, 1, 2, 34380000, 34380000, 1, 'cod', 'ghi chu', '2020-06-16 03:29:56', '2020-06-16 03:29:56'),
(11, 1, 1, 15890000, 15890000, 1, 'cod', '                    \r\n                  ', '2020-06-16 03:30:56', '2020-06-16 03:30:56'),
(12, 1, 2, 24480000, 24480000, 1, 'paypal', 'PAY-5DH63736F1042400PLBKUBIY', '2020-06-16 03:34:10', '2020-06-16 03:34:10'),
(13, 2, 1, 15890000, 15890000, 1, 'cod', '                    \r\n                  viet@test.com', '2020-06-16 05:34:10', '2020-06-16 05:34:10'),
(14, 2, 1, 15890000, 15890000, 1, 'cod', '                    \r\n                  ', '2020-06-16 10:14:18', '2020-06-16 10:14:18'),
(15, 3, 2, 85980000, 85980000, 1, 'cod', '                    toi mua 2 món này\r\n                  ', '2020-06-15 08:41:27', '2020-06-15 08:42:30');

-- --------------------------------------------------------

--
-- Table structure for table `oders_detail`
--

CREATE TABLE `oders_detail` (
  `id` int(10) UNSIGNED NOT NULL,
  `pro_id` int(10) UNSIGNED NOT NULL,
  `qty` int(11) NOT NULL,
  `o_id` int(10) UNSIGNED NOT NULL,
  `created_at` timestamp NULL DEFAULT NULL,
  `updated_at` timestamp NULL DEFAULT NULL
) ENGINE=InnoDB DEFAULT CHARSET=utf8 COLLATE=utf8_unicode_ci;

--
-- Dumping data for table `oders_detail`
--

INSERT INTO `oders_detail` (`id`, `pro_id`, `qty`, `o_id`, `created_at`, `updated_at`) VALUES
(1, 26, 1, 1, '2020-06-15 19:52:14', '2020-06-15 19:52:14'),
(2, 24, 1, 1, '2020-06-15 19:52:14', '2020-06-15 19:52:14'),
(3, 26, 1, 2, '2020-06-15 19:55:27', '2020-06-15 19:55:27'),
(4, 24, 1, 2, '2020-06-15 19:55:27', '2020-06-15 19:55:27'),
(11, 36, 1, 6, '2020-06-15 20:32:39', '2020-06-15 20:32:39'),
(12, 23, 1, 7, '2020-06-16 02:39:35', '2020-06-16 02:39:35'),
(13, 22, 2, 8, '2020-06-16 03:52:19', '2020-06-16 03:52:19'),
(14, 23, 1, 9, '2020-06-16 04:50:09', '2020-06-16 04:50:09'),
(15, 23, 1, 10, '2020-06-16 04:53:28', '2020-06-16 04:53:28'),
(17, 23, 1, 11, '2020-06-16 04:54:11', '2020-06-16 04:54:11'),
(19, 24, 1, 12, '2020-06-16 06:42:29', '2020-06-16 06:42:29'),
(20, 23, 1, 13, '2020-06-15 21:47:13', '2020-06-15 21:47:13'),
(21, 23, 1, 14, '2020-06-15 21:50:44', '2020-06-15 21:50:44'),
(22, 26, 1, 15, '2020-06-15 08:41:27', '2020-06-15 08:41:27'),
(23, 53, 1, 15, '2020-06-15 08:41:27', '2020-06-15 08:41:27');

-- --------------------------------------------------------

--
-- Table structure for table `password_resets`
--

CREATE TABLE `password_resets` (
  `email` varchar(255) COLLATE utf8_unicode_ci NOT NULL,
  `token` varchar(255) COLLATE utf8_unicode_ci NOT NULL,
  `created_at` timestamp NOT NULL DEFAULT current_timestamp() ON UPDATE current_timestamp()
) ENGINE=InnoDB DEFAULT CHARSET=utf8 COLLATE=utf8_unicode_ci;

--
-- Dumping data for table `password_resets`
--

INSERT INTO `password_resets` (`email`, `token`, `created_at`) VALUES
('sp@gmail.com', '4ef83492c9675a69bf1f1660f0965653a0864f47a3b6d161fecba7cb12c131b4', '2016-12-06 03:47:29');

-- --------------------------------------------------------

--
-- Table structure for table `products`
--

CREATE TABLE `products` (
  `id` int(10) UNSIGNED NOT NULL,
  `name` varchar(255) COLLATE utf8_unicode_ci NOT NULL,
  `slug` varchar(255) COLLATE utf8_unicode_ci NOT NULL,
  `intro` varchar(255) COLLATE utf8_unicode_ci NOT NULL,
  `promo1` varchar(255) COLLATE utf8_unicode_ci NOT NULL,
  `promo2` varchar(255) COLLATE utf8_unicode_ci NOT NULL,
  `promo3` varchar(255) COLLATE utf8_unicode_ci NOT NULL,
  `packet` varchar(255) COLLATE utf8_unicode_ci NOT NULL,
  `images` text COLLATE utf8_unicode_ci NOT NULL,
  `r_intro` text COLLATE utf8_unicode_ci NOT NULL,
  `review` text COLLATE utf8_unicode_ci NOT NULL,
  `tag` varchar(255) COLLATE utf8_unicode_ci NOT NULL,
  `price` float NOT NULL,
  `status` int(11) NOT NULL,
  `cat_id` int(10) UNSIGNED NOT NULL,
  `user_id` int(10) UNSIGNED NOT NULL,
  `created_at` timestamp NULL DEFAULT NULL,
  `updated_at` timestamp NULL DEFAULT NULL
) ENGINE=InnoDB DEFAULT CHARSET=utf8 COLLATE=utf8_unicode_ci;

--
-- Dumping data for table `products`
--

INSERT INTO `products` (`id`, `name`, `slug`, `intro`, `promo1`, `promo2`, `promo3`, `packet`, `images`, `r_intro`, `review`, `tag`, `price`, `status`, `cat_id`, `user_id`, `created_at`, `updated_at`) VALUES
(22, 'Samsung Galaxy S20+', 'samsung-galaxy-s20', 'Exynos 8890, 5.1 inch (1440 x 2560 pixels), Android 6.0 (Marshmallow)', 'Giảm ngay 4 triệu (áp dụng đặt và nhận hàng từ 12 - 30/6) (đã trừ vào giá)', 'Trả góp 0% thẻ tín dụng', 'Lên đời S20+ tài trợ đổi mới 3 triệu đồng (Áp dụng đặt và nhận hàng từ 1 - 15/6)', 'Exynos 990 8 nhân - Dynamic AMOLED 2X, 6.7\", Quad HD+ (2K+)', '1592226176_1592126893_samsung-galaxy-s20.png', '<p>Chiếc điện thoại&nbsp;<a href=\"https://www.thegioididong.com/dtdd/samsung-galaxy-s20-plus\" target=\"_blank\" title=\"Tham khảo giá điện thoại Samsung Galaxy S20 Plus chính hãng\" type=\"Tham khảo giá điện thoại Samsung Galaxy S20 Plus chính hãng\">Samsung Galaxy S20 Plus</a>&nbsp;- Si&ecirc;u phẩm với thiết m&agrave;n h&igrave;nh tr&agrave;n viền, hiệu năng đỉnh cao kết hợp c&ugrave;ng nhiều đột ph&aacute; về c&ocirc;ng nghệ dẫn đầu thế giới&nbsp;<a href=\"https://www.thegioididong.com/dtdd\" target=\"_blank\" title=\"Tham khảo giá điện thoại smartphone chính hãng\" type=\"Tham khảo giá điện thoại smartphone chính hãng\">smartphone</a>.</p>\r\n', '<h3 dir=\"ltr\">Thiết kế m&agrave;n h&igrave;nh tr&agrave;n viền, si&ecirc;u mượt 120 Hz</h3>\r\n\r\n<p dir=\"ltr\">Thiết kế của chiếc điện thoại Samsung Galaxy S20 Plus l&agrave; k&iacute;nh kết hợp độc đ&aacute;o giữa với khung kim loại c&ugrave;ng mặt lưng k&iacute;nh cường lực&nbsp;<a href=\"https://www.thegioididong.com/hoi-dap/tim-hieu-ve-cac-mat-kinh-cuong-luc-gorilla-glass-1172198#glass6\" target=\"_blank\" title=\"Tìm hiểu kính cường lực Gorilla Glass 6\" type=\"Tìm hiểu kính cường lực Gorilla Glass 6\">Gorilla Glass 6</a>&nbsp;thế hệ mới nhất cho khả năng chống chịu trầy xước v&agrave; va đập tốt.&nbsp;</p>\r\n\r\n<p dir=\"ltr\"><a href=\"https://www.thegioididong.com/images/42/217936/samsung-galaxy-s20-plus1-1.jpg\" onclick=\"return false;\"><img alt=\"Samsung Galaxy S20 Plus | Thiết kế siêu tràn viền\" src=\"https://cdn.tgdd.vn/Products/Images/42/217936/samsung-galaxy-s20-plus1-1.jpg\" title=\"Samsung Galaxy S20 Plus | Thiết kế siêu tràn viền\" /></a></p>\r\n\r\n<p dir=\"ltr\">M&agrave;n h&igrave;nh Galaxy S20+ c&oacute; k&iacute;ch thước 6.7 inch độ ph&acirc;n giải 2K&nbsp;(1440 x 3200 Pixels) sử dụng tấm nền Dynamic AMOLED 2X với khả năng hiển thị m&agrave;u sắc sắc n&eacute;t, độ chi tiết cao v&agrave; sống động.</p>\r\n\r\n<p dir=\"ltr\">Khung m&aacute;y được ho&agrave;n thiện một c&aacute;ch tỉ mỉ, độ ch&iacute;nh x&aacute;c cao với viền m&agrave;n h&igrave;nh đ&atilde; được thiết kế&nbsp;cong nhẹ&nbsp;cho cảm gi&aacute;c dễ d&agrave;ng cầm nắm, kh&ocirc;ng bị cấn tay hay v&ocirc; t&igrave;nh chạm v&agrave;o m&agrave;n h&igrave;nh.</p>\r\n\r\n<p dir=\"ltr\"><a href=\"https://www.thegioididong.com/images/42/217936/samsung-galaxy-s20-plus4-1.jpg\" onclick=\"return false;\"><img alt=\"Samsung Galaxy S20 Plus | Viền màn kim loại\" src=\"https://cdn.tgdd.vn/Products/Images/42/217936/samsung-galaxy-s20-plus4-1.jpg\" title=\"Samsung Galaxy S20 Plus | Viền màn kim loại\" /></a></p>\r\n\r\n<p dir=\"ltr\">Điểm nổi bật tr&ecirc;n chiếc điện thoại Samsung Galaxy S20 Plus ch&iacute;nh l&agrave; việc trang bị m&agrave;n h&igrave;nh&nbsp;<a href=\"https://www.thegioididong.com/hoi-dap/tong-hop-cac-loai-man-hinh-vo-cuc-moi-tren-dien-th-1150900\" title=\"Tham khảo các công nghệ màn hinh Samsung\" type=\"Tham khảo các công nghệ màn hinh Samsung\">Infinity O</a>&nbsp;tr&agrave;n viền ra bốn cạnh với tỷ lệ diện t&iacute;ch hiển thị l&ecirc;n tới 90.5%.</p>\r\n\r\n<p dir=\"ltr\">Tần số qu&eacute;t m&agrave;n h&igrave;nh l&ecirc;n đến 120 Hz cho cảm gi&aacute;c phản hồi nhanh, dường như kh&ocirc;ng c&oacute; độ trễ. Người d&ugrave;ng c&oacute; thể điều chỉnh giữa 60 v&agrave; 120 Hz để tiết kiệm năng lượng pin cho m&aacute;y.</p>\r\n\r\n<p dir=\"ltr\"><a href=\"https://www.thegioididong.com/images/42/217936/samsung-galaxy-s20-plus6.jpg\" onclick=\"return false;\"><img alt=\"Samsung Galaxy S20 Plus | Thiết kế màn hình 120 Hz\" src=\"https://cdn.tgdd.vn/Products/Images/42/217936/samsung-galaxy-s20-plus6.jpg\" title=\"Samsung Galaxy S20 Plus | Thiết kế màn hình 120 Hz\" /></a></p>\r\n\r\n<p dir=\"ltr\">B&ecirc;n cạnh đ&oacute; m&agrave;n h&igrave;nh của m&aacute;y c&ograve;n hỗ trợ c&ocirc;ng nghệ hiển thị HDR10+ mang đến những thước phim giải tr&iacute; hay những pha h&agrave;nh động combat được t&aacute;i hiện một c&aacute;ch sống động, ch&acirc;n thực c&ugrave;ng trải nghiệm thao t&aacute;c&nbsp;si&ecirc;u mượt m&agrave;.</p>\r\n\r\n<h3 dir=\"ltr\">Đột ph&aacute; camera sau&nbsp;</h3>\r\n\r\n<p dir=\"ltr\">Galaxy S20+ được trang bị hệ thống 4 camera sau bao gồm: camera tele 64 MP, camera g&oacute;c rộng v&agrave; camera g&oacute;c si&ecirc;u rộng 12 MP v&agrave; cuối c&ugrave;ng cảm biến TOF với chức năng hỗ trợ đo chiều s&acirc;u.</p>\r\n\r\n<p dir=\"ltr\"><a href=\"https://www.thegioididong.com/images/42/217936/samsung-galaxy-s20-plus3-1.jpg\" onclick=\"return false;\"><img alt=\"Samsung Galaxy S20 Plus | Đột phá camera sau\" src=\"https://cdn.tgdd.vn/Products/Images/42/217936/samsung-galaxy-s20-plus3-1.jpg\" title=\"Samsung Galaxy S20 Plus | Đột phá camera sau\" /></a></p>\r\n\r\n<p dir=\"ltr\">Cụm camera sau được thiết kế hơi lồi so với mặt lưng, hỗ trợ c&aacute;c t&iacute;nh năng độc đ&aacute;o mới được trang bị tr&ecirc;n d&ograve;ng sản phẩm Galaxy S20 như quay video 8K, Space Zoom, Single Take,... người d&ugrave;ng thỏa th&iacute;ch s&aacute;ng tạo n&ecirc;n nhiều kiệt t&aacute;c nghệ thuật.</p>\r\n\r\n<p dir=\"ltr\"><a href=\"https://www.thegioididong.com/images/42/217936/samsung-galaxy-s20-plus-2-1.jpg\" onclick=\"return false;\"><img alt=\"Samsung Galaxy S20 Plus | Chụp đêm \" src=\"https://cdn.tgdd.vn/Products/Images/42/217936/samsung-galaxy-s20-plus-2-1.jpg\" title=\"Samsung Galaxy S20 Plus | Chụp đêm \" /></a></p>\r\n', 'Galaxy S20+', 19990000, 1, 4, 1, '2020-06-15 14:30:13', '2020-06-15 14:30:13'),
(23, 'Samsung Galaxy A31', 'samsung-galaxy-a31', 'Exynos 8890, 5.1 inch (1440 x 2560 pixels), Android 6.0 (Marshmallow)', 'Sạc, Tai nghe, Sách hướng dẫn, Cáp, Cây lấy sim, Ốp lưng', '', '', 'MediaTek MT6768 8 nhân (Helio P65) - Super AMOLED, 6.4\", Full HD+', '1592226406_1592127851_samsung-galaxy-a31.png', '<h2><span style=\"font-size:12px\"><a href=\"https://www.thegioididong.com/dtdd/samsung-galaxy-a31\" target=\"_blank\" title=\"Xem thông tin chi tiết điện thoại Samsung Galaxy A31\" type=\"Xem thông tin chi tiết điện thoại Samsung Galaxy A31\">Galaxy A31</a>&nbsp;l&agrave; mẫu&nbsp;<a href=\"https://www.thegioididong.com/dtdd\" target=\"_blank\" title=\"Tham khảo giá điện thoại smartphone chính hãng, giá rẻ\" type=\"Tham khảo giá điện thoại smartphone chính hãng, giá rẻ\">smartphone</a>&nbsp;tầm trung mới ra mắt đầu năm 2020 của Samsung. Thiết bị g&acirc;y ấn tượng mạnh với ngoại h&igrave;nh thời trang, cụm 4 camera đa chức năng, v&acirc;n tay dưới m&agrave;n h&igrave;nh v&agrave; vi&ecirc;n pin khủng l&ecirc;n đến 5000 mAh.</span></h2>\r\n', '<h3>Thiết kế đặc trưng của d&ograve;ng Galaxy A 2020</h3>\r\n\r\n<p>Tổng thể thiết kế của Galaxy A31 mang nhiều n&eacute;t tương đồng với hai người anh em&nbsp;<a href=\"https://www.thegioididong.com/dtdd/samsung-galaxy-a51\" target=\"_blank\" title=\"Xem thông tin chi tiết điện thoại Samsung Galaxy A51\" type=\"Xem thông tin chi tiết điện thoại Samsung Galaxy A51\">Galaxy A31</a>&nbsp;v&agrave;&nbsp;<a href=\"https://www.thegioididong.com/dtdd/samsung-galaxy-a71\" target=\"_blank\" title=\"Xem thông tin chi tiết điện thoại Samsung Galaxy A71\" type=\"Xem thông tin chi tiết điện thoại Samsung Galaxy A71\">A71</a>. Mặt lưng của thiết bị vẫn được tạo điểm nhấn với cụm camera lớn v&agrave; c&aacute;c v&acirc;n kim cương đẹp mắt.</p>\r\n\r\n<p><a href=\"https://www.thegioididong.com/images/42/216174/samsung-galaxy-a313-2.jpg\" onclick=\"return false;\"><img alt=\"Mặt lưng sáng bóng trên điện thoại Samsung Galaxy A31\" src=\"https://cdn.tgdd.vn/Products/Images/42/216174/samsung-galaxy-a313-2.jpg\" title=\"Mặt lưng sáng bóng trên điện thoại Samsung Galaxy A31\" /></a></p>\r\n\r\n<p>Ở mặt trước, Samsung trang bị cho A31 m&agrave;n h&igrave;nh tr&agrave;n viền Infinity-U với k&iacute;ch thước 6.4 inch, sử dụng tấm nền Super AMOLED với độ ph&acirc;n giải Full HD+ cho h&igrave;nh ảnh sắc n&eacute;t v&agrave; tươi s&aacute;ng.</p>\r\n\r\n<p><a href=\"https://www.thegioididong.com/images/42/216174/samsung-galaxy-a312-3.jpg\" onclick=\"return false;\"><img alt=\"Tổng thể điện thoại Samsung Galaxy A31\" src=\"https://cdn.tgdd.vn/Products/Images/42/216174/samsung-galaxy-a312-3.jpg\" title=\"Tổng thể điện thoại Samsung Galaxy A31\" /></a></p>\r\n\r\n<p>Viền m&agrave;n h&igrave;nh được l&agrave;m mỏng ở c&aacute;c cạnh b&ecirc;n v&agrave; cạnh tr&ecirc;n, tuy nhi&ecirc;n phần &ldquo;cằm&rdquo; m&aacute;y vẫn kh&aacute; d&agrave;y chứ kh&ocirc;ng được l&agrave;m thanh tho&aacute;t như tr&ecirc;n c&aacute;c mẫu m&aacute;y cao cấp hơn.</p>\r\n\r\n<p><a href=\"https://www.thegioididong.com/images/42/216174/samsung-galaxy-a311-3.jpg\" onclick=\"return false;\"><img alt=\"Vị trí đặt cảm biến vân tay trên điện thoại Samsung Galaxy A31\" src=\"https://cdn.tgdd.vn/Products/Images/42/216174/samsung-galaxy-a311-3.jpg\" title=\"Vị trí đặt cảm biến vân tay trên điện thoại Samsung Galaxy A31\" /></a></p>\r\n\r\n<p>Đặc biệt hơn m&agrave;n h&igrave;nh của A31 được t&iacute;ch hợp lu&ocirc;n cảm biến v&acirc;n tay quang học thay v&igrave; đặt ở mặt lưng như tr&ecirc;n M31. Đồng nghĩa với việc vị tr&iacute; đặt tay mở kh&oacute;a sẽ tự nhi&ecirc;n hơn v&agrave; cảm gi&aacute;c sử dụng cũng hiện đại, cao cấp hơn.</p>\r\n\r\n<h3>Cụm 4 camera thoải m&aacute;i s&aacute;ng tạo</h3>\r\n\r\n<p>Samsung năm nay tập trung kh&aacute; nhiều v&agrave;o camera tr&ecirc;n smartphone. Cụm 4 camera của A31 bao gồm cảm biến ch&iacute;nh l&ecirc;n đến 48 MP, camera g&oacute;c rộng 8 MP, camera&nbsp;<a href=\"https://www.thegioididong.com/tin-tuc/tim-hieu-xoa-phong-huong-dan-xoa-phong-tren-moi-smartphone-892585\" target=\"_blank\" title=\"Tìm hiểu về chụp ảnh xóa phông\" type=\"Tìm hiểu về chụp ảnh xóa phông\">chụp ảnh x&oacute;a ph&ocirc;ng</a>&nbsp;v&agrave; chụp cận cảnh c&ugrave;ng độ ph&acirc;n giải 5 MP.</p>\r\n\r\n<p><a href=\"https://www.thegioididong.com/images/42/216174/samsung-galaxy-a314-2.jpg\" onclick=\"return false;\"><img alt=\"Cụm camera sau trên điện thoại Samsung Galaxy A31\" src=\"https://cdn.tgdd.vn/Products/Images/42/216174/samsung-galaxy-a314-2.jpg\" title=\"Cụm camera sau trên điện thoại Samsung Galaxy A31\" /></a></p>\r\n', 'Galaxy A31', 6490000, 1, 4, 1, '2020-06-15 14:32:19', '2020-06-15 14:32:19'),
(24, 'Apple A13 Bionic 6 nhân - OLED, 6.5\", Super Retina XDR', 'apple-a13-bionic-6-nhan-oled-65-super-retina-xdr', 'Apple A10 mới, 2 cammera sau,Ram 3g, 5.5 inch (1920 x 1080 pixels)', 'Giảm ngay 2 triệu (đã trừ vào giá)', 'Tặng 2 suất mua Đồng hồ thời trang giảm 40% (không áp dụng thêm khuyến mãi khác) ', '', 'Sạc,Tai nghe,Hộp,Cáp,Cây lấy sim,Sách hướng dẫn', '1592226599_1592128374_iphone-11-pro-max-vang.png', '<h2><span style=\"font-size:12px\">Để t&igrave;m kiếm một chiếc&nbsp;<a href=\"https://www.thegioididong.com/dtdd\" target=\"_blank\" title=\"Tham khảo giá điện thoại smartphone chính hãng\">smartphone</a>&nbsp;c&oacute; hiệu năng mạnh mẽ v&agrave; c&oacute; thể sử dụng mượt m&agrave; trong 2-3 năm tới th&igrave; kh&ocirc;ng c&oacute; chiếc m&aacute;y n&agrave;o xứng đang hơn chiếc&nbsp;<a href=\"https://www.thegioididong.com/dtdd/iphone-11-pro-max-512gb\" target=\"_blank\" title=\"Tham khảo điện thoại iPhone 11 Pro Max 512GB chính hãng\">iPhone 11 Pro Max 512GB</a>&nbsp;mới ra mắt trong năm 2019 của Apple.</span></h2>\r\n', '<h3>Hiệu năng &quot;đ&egrave; bẹp&quot; mọi đối thủ</h3>\r\n\r\n<p>iPhone 11 Pro Max 512GB năm nay sử dụng chip&nbsp;<a href=\"https://www.thegioididong.com/hoi-dap/tim-hieu-ve-chip-apple-a13-bionic-tren-iphone-11-n-1197492\" target=\"_blank\" title=\"Tìm hiểu về chip Apple A13 Bionic\" type=\"Tìm hiểu về chip Apple A13 Bionic\">Apple A13 Bionic</a>&nbsp;mới nhất, nhanh v&agrave; tiết kiệm điện hơn so với A12 năm ngo&aacute;i.</p>\r\n\r\n<p><a href=\"https://www.thegioididong.com/images/42/210654/iphone-11-pro-max-512gb-tgdd10.jpg\" onclick=\"return false;\"><img alt=\"Điện thoại iPhone 11 Pro Max 512GB | Trải nghiệm chơi game\" src=\"https://cdn.tgdd.vn/Products/Images/42/210654/iphone-11-pro-max-512gb-tgdd10.jpg\" title=\"Điện thoại iPhone 11 Pro Max 512GB | Trải nghiệm chơi game\" /></a></p>\r\n\r\n<p>M&aacute;y cũng sở hữu ri&ecirc;ng một con chip&nbsp;AI Neural Engine sẽ phụ tr&aacute;ch c&aacute;c t&iacute;nh năng xử l&yacute; h&igrave;nh ảnh như&nbsp;<a href=\"https://www.thegioididong.com/hoi-dap/deep-fusion-tren-dong-iphone-11-pro-la-gi-tinh-nan-1197418\" target=\"_blank\" title=\"Tìm hiểu tính năng Deel Fusion\" type=\"Tìm hiểu tính năng Deel Fusion\">Deep Fusion</a>&nbsp;v&agrave; Night Mode.</p>\r\n\r\n<p><a href=\"https://www.thegioididong.com/images/42/210654/iphone-11-pro-max-512gb-1.jpg\" onclick=\"return false;\"><img alt=\"Điện thoại iPhone 11 Pro Max 512GB | Điểm hiệu năng Antutu Benchmark\" src=\"https://cdn.tgdd.vn/Products/Images/42/210654/iphone-11-pro-max-512gb-1.jpg\" title=\"Điện thoại iPhone 11 Pro Max 512GB | Điểm hiệu năng Antutu Benchmark\" /></a></p>\r\n\r\n<p><em>Điểm Geekbench của iPhone 11 Pro Max</em></p>\r\n\r\n<p>Theo Apple th&igrave; đ&acirc;y l&agrave; điện thoại th&ocirc;ng minh c&oacute; hiệu suất nhanh nhất thế giới ở thời điểm ra mắt.</p>\r\n\r\n<p><a href=\"https://www.thegioididong.com/images/42/210654/iphone-11-pro-max-512gb-tgdd12.jpg\" onclick=\"return false;\"><img alt=\"Điện thoại iPhone 11 Pro Max 512GB | Hiệu năng mạnh mẽ\" src=\"https://cdn.tgdd.vn/Products/Images/42/210654/iphone-11-pro-max-512gb-tgdd12.jpg\" title=\"Điện thoại iPhone 11 Pro Max 512GB | Hiệu năng mạnh mẽ\" /></a></p>\r\n\r\n<p>Cụ thể, hiệu năng của bộ vi xử l&yacute; A13 Bionic mới của Apple c&oacute; sức mạnh vượt trội, nhanh hơn đến 20% v&agrave; tiết ki&ecirc;m điện đến 40% so với chip A12, mang đến cho&nbsp;bạn trải nghiệm mượt m&agrave;, ổn định tất cả c&aacute;c t&aacute;c vụ, đa nhiệm.</p>\r\n\r\n<p><a href=\"https://www.thegioididong.com/images/42/210654/iphone-11-pro-max-512gb-tgdd8.jpg\" onclick=\"return false;\"><img alt=\"Điện thoại iPhone 11 Pro Max 512GB | Giao diện iOS 13 mới\" src=\"https://cdn.tgdd.vn/Products/Images/42/210654/iphone-11-pro-max-512gb-tgdd8.jpg\" title=\"Điện thoại iPhone 11 Pro Max 512GB | Giao diện iOS 13 mới\" /></a></p>\r\n\r\n<p>M&aacute;y sẽ chạy tr&ecirc;n phi&ecirc;n bản iOS 13 mới với nhiều t&iacute;nh năng tiện dụng gi&uacute;p bạn khai th&aacute;c chiếc&nbsp;<a href=\"https://www.thegioididong.com/dtdd-apple-iphone\" target=\"_blank\" title=\"Tham khảo iPhone chính hãng\">iPhone</a>&nbsp;của m&igrave;nh hiệu quả hơn.</p>\r\n\r\n<p><a href=\"https://www.thegioididong.com/images/42/210654/iphone-11-pro-max-512gb-tgdd9.jpg\" onclick=\"return false;\"><img alt=\"Điện thoại iPhone 11 Pro Max 512GB | Giao diện iOS 13 mới\" src=\"https://cdn.tgdd.vn/Products/Images/42/210654/iphone-11-pro-max-512gb-tgdd9.jpg\" title=\"Điện thoại iPhone 11 Pro Max 512GB | Giao diện iOS 13 mới\" /></a></p>\r\n\r\n<p><em>iOS 13 mới tr&ecirc;n iPhone 11 Pro Max</em></p>\r\n', 'iPhone 11 Pro Max ', 41990000, 1, 15, 1, '2020-06-15 14:34:29', '2020-06-15 14:34:29'),
(25, 'iPhone 7 32GB', 'iphone-7-32gb', 'Apple A10 Fusion 4 nhân - LED-backlit IPS LCD, 4.7\", Retina HD', 'Giảm ngay 500.000đ (đã trừ vào giá)', 'ặng 2 suất mua Đồng hồ thời trang giảm 40% (không áp dụng thêm khuyến mãi khác)', '', 'Sạc, Tai nghe, Sách hướng dẫn, Cáp, Cây lấy sim', '1592226781_1592129160_iphone-7-plus-hong.png', '<h2><span style=\"font-size:12px\"><a href=\"https://www.thegioididong.com/dtdd/iphone-7\" target=\"_blank\" title=\"Chi tiết điện thoại iPhone 7\" type=\"Chi tiết điện thoại iPhone 7\">iPhone 7 32GB</a>&nbsp;vẫn mang tr&ecirc;n m&igrave;nh thiết kế quen thuộc của từ thời&nbsp;<a href=\"https://www.thegioididong.com/dtdd/iphone-6-32gb-gold\" target=\"_blank\" title=\"Chi tiết điện thoại iPhone 6 32GB\" type=\"Chi tiết điện thoại iPhone 6 32GB\">iPhone 6</a>&nbsp;nhưng c&oacute; nhiều thay đổi lớn về phần cứng, d&agrave;n loa stereo v&agrave; cấu h&igrave;nh cực mạnh.</span></h2>\r\n', '<h3>Camera trước tăng l&ecirc;n 7 MP</h3>\r\n\r\n<p>Một sự cải thiện đ&aacute;ng kể so với&nbsp;<a href=\"https://www.thegioididong.com/dtdd/iphone-6s-32gb\" target=\"_blank\" title=\"Chi tiết điện thoại iPhone 6s\" type=\"Chi tiết điện thoại iPhone 6s\">iPhone 6s</a>&nbsp;trước đ&oacute;, những tấm ảnh chụp selfie của bạn c&agrave;ng th&ecirc;m độ chi tiết v&agrave; sắc n&eacute;t.</p>\r\n\r\n<p><a href=\"https://www.thegioididong.com/images/42/74110/iphone-7-tgdd-12.jpg\" onclick=\"return false;\"><img alt=\"Nâng câp camera trên điện thoại iPhone 7\" src=\"https://cdn.tgdd.vn/Products/Images/42/74110/iphone-7-tgdd-12.jpg\" title=\"Nâng câp camera trên điện thoại iPhone 7\" /></a></p>\r\n\r\n<p>Bộ nhớ trong của m&aacute;y cũng được n&acirc;ng cấp l&ecirc;n 32 GB gi&uacute;p bạn thoải m&aacute;i chụp v&agrave; lưu trữ ảnh m&agrave; kh&ocirc;ng lo hết dung lượng để lưu.</p>\r\n\r\n<p><a href=\"https://www.thegioididong.com/images/42/74110/iphone-7-tgdd-2.jpg\" onclick=\"return false;\"><img alt=\"Ảnh chụp từ camera sau của điện thoại iPhone 7\" src=\"https://cdn.tgdd.vn/Products/Images/42/74110/iphone-7-tgdd-2.jpg\" title=\"Ảnh chụp từ camera sau của điện thoại iPhone 7\" /></a></p>\r\n\r\n<p>C&ugrave;ng với đ&oacute; l&agrave; t&iacute;nh năng chụp Retina Flash gi&uacute;p bạn chụp ảnh tốt hơn ở điều kiện thiếu s&aacute;ng.</p>\r\n\r\n<p><a href=\"https://www.thegioididong.com/images/42/74110/iphone-7-tgdd-1.jpg\" onclick=\"return false;\"><img alt=\"Ảnh chụp từ camera sau của điện thoại iPhone 7\" src=\"https://cdn.tgdd.vn/Products/Images/42/74110/iphone-7-tgdd-1.jpg\" title=\"Ảnh chụp từ camera sau của điện thoại iPhone 7\" /></a></p>\r\n\r\n<p>Ngo&agrave;i ra, camera ph&iacute;a sau của&nbsp;<a href=\"https://www.thegioididong.com/dtdd-apple-iphone\" target=\"_blank\" title=\"Tham khảo các dòng điện thoại iPhone tại Thegioididong.com\" type=\"Tham khảo các dòng điện thoại iPhone tại Thegioididong.com\">điện thoại iPhone</a>&nbsp;n&agrave;y&nbsp;đ&atilde; được thiết kế gọn g&agrave;ng với đường bo mềm mại hơn, hạn chế tối đa trầy xước cho ống k&iacute;nh.</p>\r\n\r\n<p><a href=\"https://www.thegioididong.com/images/42/74110/iphone-7-tgdd-15.jpg\" onclick=\"return false;\"><img alt=\"Thiết kế camera trên điện thoại iPhone 7\" src=\"https://cdn.tgdd.vn/Products/Images/42/74110/iphone-7-tgdd-15.jpg\" title=\"Thiết kế camera trên điện thoại iPhone 7\" /></a></p>\r\n', 'iphone 7', 9490000, 1, 15, 1, '2020-06-15 14:36:19', '2020-06-15 14:36:19'),
(26, 'iPhone Xs Max 256GB', 'iphone-xs-max-256gb', 'Apple A12 Bionic 6 nhân - OLED, 6.5\", Super Retina', 'Giảm ngay 5 triệu (đã trừ vào giá)', 'Tặng 2 suất mua Đồng hồ thời trang giảm 40% (không áp dụng thêm khuyến mãi khác) ', '', 'Sạc, Tai nghe, Sách hướng dẫn, Cáp, Cây lấy sim', '1592227020_iPhone-Xs-Max-gold.png', '<p>Sau 1 năm mong chờ, chiếc&nbsp;<a href=\"https://www.thegioididong.com/dtdd\" target=\"_blank\" title=\"Tham khảo các dòng điện thoại tại Thegioididong.com\" type=\"Tham khảo các dòng điện thoại tại Thegioididong.com\">smartphone</a>&nbsp;cao cấp nhất của Apple đ&atilde; ch&iacute;nh thức ra mắt mang t&ecirc;n&nbsp;<a href=\"https://www.thegioididong.com/dtdd/iphone-xs-max-256gb\" target=\"_blank\" title=\"Chi tiết điện thoại iPhone XS Max 256GB\" type=\"Chi tiết điện thoại iPhone XS Max 256GB\">iPhone Xs Max 256 GB</a>. M&aacute;y&nbsp;c&aacute;c trang bị c&aacute;c t&iacute;nh năng cao cấp nhất từ chip A12 Bionic, d&agrave;n loa đa chiều cho tới camera k&eacute;p t&iacute;ch hợp tr&iacute; tuệ nh&acirc;n tạo.</p>\r\n', '<h3>Hiệu năng đỉnh cao c&ugrave;ng chip Apple A12</h3>\r\n\r\n<p>iPhone Xs Max được Apple trang bị cho con chip mới toanh h&agrave;ng đầu của h&atilde;ng mang t&ecirc;n&nbsp;<a href=\"https://www.thegioididong.com/tin-tuc/chi-tiet-chip-apple-a12-bionic-ben-trong-iphone-xs-xs-max-1116982\" target=\"_blank\" title=\"Tìm hiểu chip Apple A12\" type=\"Tìm hiểu chip Apple A12\">Apple A12</a>.</p>\r\n\r\n<p>Chip A12 Bionic được x&acirc;y dựng tr&ecirc;n tiến tr&igrave;nh 7nm đầu ti&ecirc;n m&agrave; h&atilde;ng sản xuất với 6 nh&acirc;n đ&aacute;p ứng vượt trội trong việc xử l&yacute; c&aacute;c t&aacute;c vụ v&agrave; khả năng tiết kiệm năng lượng tối ưu.</p>\r\n\r\n<p><a href=\"https://www.thegioididong.com/images/42/190322/iphone-xs-max-256gb-gold-12.jpg\" onclick=\"return false;\"><img alt=\"Trải nghiệm điện thoại iPhone Xs Max chính hãng\" src=\"https://cdn.tgdd.vn/Products/Images/42/190322/iphone-xs-max-256gb-gold-12.jpg\" title=\"Trải nghiệm điện thoại iPhone Xs Max chính hãng\" /></a></p>\r\n\r\n<p>Hơn nữa,&nbsp;chiếc&nbsp;<a href=\"https://www.thegioididong.com/dtdd-apple-iphone\" target=\"_blank\" title=\"Tham khảo các dòng điện thoại iPhone\" type=\"Tham khảo các dòng điện thoại iPhone\">điện thoại iPhone</a>&nbsp;c&ograve;n c&oacute; bộ xử l&yacute; đồ họa mạnh mẽ được Apple thiết kế ri&ecirc;ng gi&uacute;p hiệu năng được cải thiện rất lớn về mặt đồ họa của m&aacute;y.</p>\r\n\r\n<p><a href=\"https://www.thegioididong.com/images/42/190322/iphone-xs-max-256gb-1.jpg\" onclick=\"return false;\"><img alt=\"Điểm Antutu Benchmark trên Iphone Xs Max 256GB\" src=\"https://cdn.tgdd.vn/Products/Images/42/190322/iphone-xs-max-256gb-1.jpg\" title=\"Điểm Antutu Benchmark trên Iphone Xs Max 256GB\" /></a></p>\r\n\r\n<p>Chưa dừng lại ở đ&oacute;, m&aacute;y c&ograve;n được t&iacute;ch hợp tr&iacute; th&ocirc;ng minh nh&acirc;n tạo gi&uacute;p phần cứng tối ưu hiệu suất, nhờ đ&oacute; m&agrave; c&aacute;c thao t&aacute;c của bạn được xử l&yacute; một c&aacute;ch nhanh ch&oacute;ng hơn.</p>\r\n\r\n<p><a href=\"https://www.thegioididong.com/images/42/190322/iphone-xs-max-256gb-gold-6.jpg\" onclick=\"return false;\"><img alt=\"Trải nghiệm điện thoại iPhone Xs Max chính hãng\" src=\"https://cdn.tgdd.vn/Products/Images/42/190322/iphone-xs-max-256gb-gold-6.jpg\" title=\"Trải nghiệm điện thoại iPhone Xs Max chính hãng\" /></a></p>\r\n\r\n<p>Xem th&ecirc;m:&nbsp;<a href=\"https://www.thegioididong.com/tin-tuc/tren-tay-va-danh-gia-nhanh-iphone-xs-max-tai-viet-nam-1118861\" target=\"_blank\" title=\"Trên tay và đánh giá nhanh iPhone Xs Max tại Việt Nam\" type=\"Trên tay và đánh giá nhanh iPhone Xs Max tại Việt Nam\">Tr&ecirc;n tay v&agrave; đ&aacute;nh gi&aacute; nhanh iPhone Xs Max tại Việt Nam: Sức h&uacute;t kh&oacute; cưỡng</a></p>\r\n\r\n<h3>Thiết kế viền th&eacute;p kh&ocirc;ng gỉ v&agrave; mặt k&iacute;nh cường lực cao cấp, chắc chắn</h3>\r\n\r\n<p>&nbsp;Điện thoại&nbsp;iPhone Xs Max sở hữu lối thiết kế v&ocirc; c&ugrave;ng đẹp mắt với những đường cong mềm mại được thừa hưởng từ chiếc&nbsp;iPhone&nbsp;đời trước đ&oacute;.</p>\r\n\r\n<h3><a href=\"https://www.thegioididong.com/images/42/190322/iphone-xs-max-256gb-gold-5.jpg\" onclick=\"return false;\"><img alt=\"Thiết kế điện thoại iPhone Xs Max chính hãng\" src=\"https://cdn.tgdd.vn/Products/Images/42/190322/iphone-xs-max-256gb-gold-5.jpg\" title=\"Thiết kế điện thoại iPhone Xs Max chính hãng\" /></a></h3>\r\n\r\n<p>Tuy nhi&ecirc;n,&nbsp;iPhone Xs Max lại c&oacute; một th&acirc;n h&igrave;nh to bản ngang bằng với k&iacute;ch thước d&ograve;ng Plus nhưng chứa đựng một m&agrave;n h&igrave;nh rộng lớn l&ecirc;n đến 6.5 inch.</p>\r\n\r\n<h3><a href=\"https://www.thegioididong.com/images/42/190322/iphone-xs-max-256gb-gold-9.jpg\" onclick=\"return false;\"><img alt=\"Thiết kế điện thoại iPhone Xs Max chính hãng\" src=\"https://cdn.tgdd.vn/Products/Images/42/190322/iphone-xs-max-256gb-gold-9.jpg\" title=\"Thiết kế điện thoại iPhone Xs Max chính hãng\" /></a></h3>\r\n', 'iPhone Xs Max 256GB', 25990000, 1, 15, 1, '2020-06-15 14:39:11', '2020-06-15 14:39:11'),
(27, 'OPPO Reno2 F', 'oppo-reno2-f', 'sắp ra mắt', 'Tặng tiền cước 1.5 triệu (đã trừ vào giá)', 'Tặng 2 suất mua Đồng hồ thời trang giảm 40% (không áp dụng thêm khuyến mãi khác)', '', 'Tai nghe, Sách hướng dẫn, Dock sạc, Cáp, Cây lấy sim, Ốp lưng', '1592227188_1592129825_oppo-reno2-f-trang.png', '<p><a href=\"https://www.thegioididong.com/dtdd/oppo-reno2-f\" target=\"_blank\" title=\"Tham khảo điện thoại OPPO Reno2 F chính hãng\">OPPO Reno2 F</a>&nbsp;l&agrave; một trong 3 chiếc&nbsp;<a href=\"https://www.thegioididong.com/dtdd\" target=\"_blank\" title=\"Tham khảo giá điện thoại smartphone chính hãng\">smartphone</a>&nbsp;thuộc d&ograve;ng OPPO Reno2 vừa được OPPO giới thiệu&nbsp;với thiết kế thời trang c&ugrave;ng nhiều n&acirc;ng cấp mạnh mẽ về camera.</p>\r\n', '<h3>Camera được đầu tư mạnh mẽ</h3>\r\n\r\n<p>Cụm camera tr&ecirc;n OPPO Reno2 F đ&atilde; được n&acirc;ng cấp r&otilde; rệt với camera ch&iacute;nh độ ph&acirc;n giải 48 MP c&ugrave;ng ống k&iacute;nh thứ 2 vẫn l&agrave; 8 MP chụp ảnh g&oacute;c si&ecirc;u rộng, một ống k&iacute;nh 2 MP d&ugrave;ng để chụp ảnh ch&acirc;n dung x&oacute;a ph&ocirc;ng v&agrave; một ống k&iacute;nh 2 MP hỗ trợ chụp ảnh đen trắng.</p>\r\n\r\n<p><a href=\"https://www.thegioididong.com/images/42/209800/oppo-reno2-f-tgdd6.jpg\" onclick=\"return false;\"><img alt=\"Điện thoại OPPO Reno2 F | Giao diện chụp ảnh\" src=\"https://cdn.tgdd.vn/Products/Images/42/209800/oppo-reno2-f-tgdd6.jpg\" title=\"Điện thoại OPPO Reno2 F | Giao diện chụp ảnh\" /></a></p>\r\n\r\n<p>Với bộ 4 camera th&igrave; OPPO Reno2 F đ&aacute;p ứng cho bạn hầu hết c&aacute;c nhu cầu trong sử dụng hằng ng&agrave;y từ chụp ảnh x&oacute;a ph&ocirc;ng hay chụp phong cảnh trong những chuyến đi chơi xa.</p>\r\n\r\n<p>&nbsp;</p>\r\n\r\n<p><img src=\"https://cdn.tgdd.vn/Products/Images/42/209800/oppo-reno2-f-tgdd-10.jpg\" />Ảnh chụp g&oacute;c thường tr&ecirc;n điện thoại Oppo Reno2 F</p>\r\n\r\n<p><img src=\"https://cdn.tgdd.vn/Products/Images/42/209800/oppo-reno2-f-tgdd-3.jpg\" />Ảnh chụp g&oacute;c rộng x&oacute;a ph&ocirc;ng tr&ecirc;n điện thoại Oppo Reno2 F</p>\r\n\r\n<p><img src=\"https://cdn.tgdd.vn/Products/Images/42/209800/oppo-reno2-f-tgdd-4.jpg\" />Ảnh chụp chế độ ban đ&ecirc;m tr&ecirc;n điện thoại Oppo Reno2 F</p>\r\n\r\n<p><img src=\"https://cdn.tgdd.vn/Products/Images/42/209800/oppo-reno2-f-tgdd-5.jpg\" />Ảnh chụp chế độ ban đ&ecirc;m tr&ecirc;n điện thoại Oppo Reno2 F</p>\r\n\r\n<p>&nbsp;</p>\r\n\r\n<p>B&ecirc;n cạnh đ&oacute; với&nbsp;<a href=\"https://www.thegioididong.com/tin-tuc/chup-anh-bang-ai-ban-da-biet-het-cong-dung--cac-ung-dung-hay-ho-nay--1150253\" target=\"_blank\" title=\"Tìm hiểu về công nghệ trí tuệ nhân tạo AI\" type=\"Tìm hiểu về công nghệ trí tuệ nhân tạo AI\">c&ocirc;ng nghệ AI Camera</a>&nbsp;đi k&egrave;m gi&uacute;p Reno2 F c&oacute; thể nhận diện được c&aacute;c vật thể kh&aacute;c nhau để c&oacute; thể điều chỉnh m&agrave;u sắc, độ tương phản v&agrave; độ s&aacute;ng sao cho ph&ugrave; hợp.</p>\r\n\r\n<p><a href=\"https://www.thegioididong.com/images/42/209800/oppo-reno2-f-tgdd-9.jpg\" onclick=\"return false;\"><img alt=\"Điện thoại OPPO Reno2 F | Ảnh chụp chế độ macro\" src=\"https://cdn.tgdd.vn/Products/Images/42/209800/oppo-reno2-f-tgdd-9.jpg\" title=\"Điện thoại OPPO Reno2 F | Ảnh chụp chế độ macro\" /></a></p>\r\n\r\n<p>Camera selfie tr&ecirc;n những chiếc m&aacute;y OPPO vẫn lu&ocirc;n được đ&aacute;nh gi&aacute; cao v&agrave; lần n&agrave;y cũng kh&ocirc;ng phải ngoại lệ.</p>\r\n\r\n<p><a href=\"https://www.thegioididong.com/images/42/209800/oppo-reno2-f-tgdd7.jpg\" onclick=\"return false;\"><img alt=\"Điện thoại OPPO Reno2 F | Camera trước\" src=\"https://cdn.tgdd.vn/Products/Images/42/209800/oppo-reno2-f-tgdd7.jpg\" title=\"Điện thoại OPPO Reno2 F | Camera trước\" /></a></p>\r\n\r\n<p>Với độ ph&acirc;n giải 16 MP k&egrave;m t&iacute;nh năng l&agrave;m đẹp bằng AI &quot;trứ danh&quot; th&igrave; chiếc&nbsp;<a href=\"https://www.thegioididong.com/dtdd-oppo\" target=\"_blank\" title=\"Tham khảo giá điện thoại smartphone OPPO chính hãng\">smartphone OPPO</a>&nbsp;n&agrave;y tự tin l&agrave;m h&agrave;i l&ograve;ng cả những người d&ugrave;ng kh&oacute; t&iacute;nh nhất.</p>\r\n\r\n<p>&nbsp;</p>\r\n\r\n<p><img src=\"https://cdn.tgdd.vn/Products/Images/42/209800/oppo-reno2-f-tgdd-6.jpg\" />Ảnh chụp selfie tr&ecirc;n điện thoại Oppo Reno2 F</p>\r\n', 'OPPO Reno2 F', 7490000, 1, 16, 1, '2020-06-15 14:40:18', '2020-06-15 14:40:18'),
(28, 'OPPO Find X2', 'oppo-find-x2', 'Snapdragon 865 8 nhân - AMOLED, 6.78\", Quad HD+ (2K+)', 'Tặng 2 suất mua Đồng hồ thời trang giảm 40% (không áp dụng thêm khuyến mãi khác)', '', '', 'Sạc, Tai nghe, Sách hướng dẫn, Cáp, Cây lấy sim, Ốp lưng', '1592227343_1592129498_oppo-find-x2-xanh.png', '<p>Tiếp nối th&agrave;nh c&ocirc;ng vang dội của thế hệ Find X,&nbsp;<a href=\"https://www.thegioididong.com/dtdd-oppo\" target=\"_blank\" title=\"Tham khảo giá smartphone Oppo chính hãng\">OPPO</a>&nbsp;ch&iacute;nh thức ra mắt&nbsp;<a href=\"https://www.thegioididong.com/dtdd/oppo-find-x2\" target=\"_blank\" title=\"Tham khảo giá Oppo Find X2 chính hãng\">Find X2</a>&nbsp;với những đường n&eacute;t thanh lịch từ thiết kế phần cứng cho đến trải nghiệm phần mềm, hứa hẹn một vẻ đẹp ho&agrave;n hảo, một sức mạnh xứng tầm.</p>\r\n', '<h3>Trải nghiệm thị gi&aacute;c tuyệt vời</h3>\r\n\r\n<p>Find X2 sở hữu m&agrave;n h&igrave;nh AMOLED Ultra Vision cao cấp với k&iacute;ch thước&nbsp;<a href=\"https://www.thegioididong.com/dtdd-tu-6-inch\" target=\"_blank\" title=\"Tham khảo giá điện thoại smartphone màn hình lớn trên 6 inch\">l&ecirc;n đến 6.7 inch</a>&nbsp;c&ugrave;ng độ ph&acirc;n giải 2K+ cực n&eacute;t được bảo vệ bằng k&iacute;nh cường lực&nbsp;Corning Gorilla Glass 6 cao cấp.</p>\r\n\r\n<p>Xem th&ecirc;m:&nbsp;<a href=\"https://www.thegioididong.com/tin-tuc/oppo-find-x2-vs-oppo-find-x-1243396\" target=\"_blank\" title=\"OPPO Find X2 VS OPPO Find X: Phương trình tìm X bậc 2 có gì hấp dẫn hơn?\" type=\"OPPO Find X2 VS OPPO Find X: Phương trình tìm X bậc 2 có gì hấp dẫn hơn?\">OPPO Find X2 VS OPPO Find X: Phương tr&igrave;nh t&igrave;m X bậc 2 c&oacute; g&igrave; hấp dẫn hơn?</a></p>\r\n\r\n<p><a href=\"https://www.thegioididong.com/images/42/198150/oppo-find-x2-tgdd2-1.jpg\" onclick=\"return false;\"><img alt=\"Oppo Find X2 | Màn hình Ultra Vision \" src=\"https://cdn.tgdd.vn/Products/Images/42/198150/oppo-find-x2-tgdd2-1.jpg\" title=\"Oppo Find X2 | Màn hình Ultra Vision \" /></a></p>\r\n\r\n<p>M&agrave;n h&igrave;nh n&agrave;y c&oacute; độ s&aacute;ng cao, h&igrave;nh ảnh sống động với hơn 1 tỷ m&agrave;u, c&ugrave;ng c&ocirc;ng nghệ HDR10+ ti&ecirc;n tiến v&agrave; nhiều t&iacute;nh năng th&ocirc;ng minh kh&aacute;c, hứa hẹn sẽ đem đến một trải nghiệm thị gi&aacute;c tuyệt vời, m&agrave;n h&igrave;nh Find X2 được Displaymate đ&aacute;nh gi&aacute; rất cao, nằm trong top những chiếc smartphone c&oacute; m&agrave;n h&igrave;nh tốt nhất t&iacute;nh đến thời điểm hiện tại (3/2020).</p>\r\n\r\n<p><a href=\"https://www.thegioididong.com/images/42/198150/oppo-find-x2-tgdd6-1.jpg\" onclick=\"return false;\"><img alt=\"Oppo Find X2 | Thiết kế độc đáo\" src=\"https://cdn.tgdd.vn/Products/Images/42/198150/oppo-find-x2-tgdd6-1.jpg\" title=\"Oppo Find X2 | Thiết kế độc đáo\" /></a></p>\r\n\r\n<p>Đặc biệt hơn, m&agrave;n h&igrave;nh Ultra Vision của Find X2 cung cấp tốc độ l&agrave;m mới 120 Hz c&oacute; thể k&iacute;ch hoạt c&ugrave;ng độ ph&acirc;n giải QHD+, cho mọi h&igrave;nh ảnh chuyển động mượt m&agrave;, trơn tru nhất. Tốc độ lấy mẫu cảm ứng l&ecirc;n tới 240 Hz đ&aacute;p ứng ngay lập tức mọi thao t&aacute;c chạm, vuốt của bạn.</p>\r\n\r\n<p><a href=\"https://www.thegioididong.com/images/42/198150/oppo-find-x2-tgdd12.jpg\" onclick=\"return false;\"><img alt=\"Oppo Find X2 | Công nghệ màn hình hiện đại\" src=\"https://cdn.tgdd.vn/Products/Images/42/198150/oppo-find-x2-tgdd12.jpg\" title=\"Oppo Find X2 | Công nghệ màn hình hiện đại\" /></a></p>\r\n\r\n<p>C&oacute; phần cứng cao cấp, OPPO c&ograve;n hỗ trợ bằng bằng phần mềm để n&acirc;ng cấp c&aacute;c đoạn phim th&ocirc;ng thường l&ecirc;n chuẩn HDR v&agrave; tăng mức khung h&igrave;nh l&ecirc;n đến 60 Hz bằng AI, gi&uacute;p trải nghiệm xem tr&ecirc;n OPPO Find X2 lu&ocirc;n đ&atilde; mắt v&agrave; mượt m&agrave; tr&ecirc;n bất k&igrave; loại nội dung n&agrave;o.&nbsp;</p>\r\n\r\n<p><a href=\"https://www.thegioididong.com/images/42/198150/oppo-find-x2-o1.jpg\" onclick=\"return false;\"><img alt=\"Công nghệ nâng cấp hình ảnh bằng AI trên OPPO Find X2\" src=\"https://cdn.tgdd.vn/Products/Images/42/198150/oppo-find-x2-o1.jpg\" title=\"Công nghệ nâng cấp hình ảnh bằng AI trên OPPO Find X2\" /></a></p>\r\n\r\n<p>Ngo&agrave;i ra, hệ thống bảo vệ mắt th&iacute;ch ứng AI tr&ecirc;n OPPO Find X2 c&ograve;n gi&uacute;p tự động tối ưu nhiệt độ, độ s&aacute;ng m&agrave;n h&igrave;nh dựa v&agrave;o m&ocirc;i trường.&nbsp;</p>\r\n\r\n<p>B&ecirc;n cạnh c&ocirc;ng nghệ m&agrave;n h&igrave;nh đỉnh, OPPO Find X2 c&ograve;n sở hữu hệ thống loa k&eacute;p c&ugrave;ng c&ocirc;ng nghệ Dolby Atmos cung cấp trải nghiệm giải tr&iacute; cực đ&atilde;, đắm ch&igrave;m trong từng m&agrave;n game, thước phim.</p>\r\n\r\n<p><a href=\"https://www.thegioididong.com/images/42/198150/oppo-find-x2-tgdd3-1.jpg\" onclick=\"return false;\"><img alt=\"Oppo Find X2 | Công nghệ âm thanh sống động, chân thực\" src=\"https://cdn.tgdd.vn/Products/Images/42/198150/oppo-find-x2-tgdd3-1.jpg\" title=\"Oppo Find X2 | Công nghệ âm thanh sống động, chân thực\" /></a></p>\r\n', 'Galaxy S8, Galaxy S8,Galaxy S8', 23990000, 1, 16, 1, '2020-06-15 14:41:59', '2020-06-15 14:41:59'),
(36, 'Dell XPS 13', 'dell-xps-13', 'Dell XPS 13 7390 Core i5-10210U RAM 8GB SSD 256GB FHD IPS', 'Balo laptop chính hãng', 'Vệ sinh máy, tra keo tản nhiệt', 'Cài đặt phần mềm miễn phí', 'Pin, Dây nguồn, Sách hướng dẫn, Thùng máy, Adapter sạc ', '1592227536_dell-xps-13.jpg', '', '<h1><strong>1. Cần g&igrave; thay đổi khi đ&atilde; ho&agrave;n hảo</strong></h1>\r\n\r\n<p>Dell XPS 13 7390 mặc d&ugrave; kh&ocirc;ng c&oacute; thay đổi g&igrave; nhiều so với c&aacute;c phi&ecirc;n bản trước kia, thế nhưng m&aacute;y việc g&igrave; thay đổi khi chất lượng sản phẩm vẫn lu&ocirc;n được đảm bảo. Vẫn được&nbsp;sử dụng bằng chất lượng Carbon Fiber, XPS 13 7390 mang tới trải nghiệm v&ocirc; c&ugrave;ng sướng cho người d&ugrave;ng. Độ ho&agrave;n thiện thiết kế v&ocirc; c&ugrave;ng tốt khiến cho m&aacute;y lu&ocirc;n giữ được d&aacute;ng vẻ thanh lịch vốn c&oacute; của n&oacute;. Ngo&agrave;i ra bản lề của m&aacute;y cũng v&ocirc; c&ugrave;ng chắc chắn khiến người d&ugrave;ng y&ecirc;n t&acirc;m trong qu&aacute; tr&igrave;nh sử dụng</p>\r\n\r\n<p><img alt=\"\" src=\"https://thinkpro.vn/uploads/images/userfiles/7390_21.jpg\" style=\"height:436px; width:775px\" /></p>\r\n\r\n<h1><strong>2. Ho&agrave;n hảo nhưng vẫn cải tiến</strong></h1>\r\n\r\n<p>Điều thay đổi r&otilde; nhất trong phi&ecirc;n bản XPS 13 7390 đến từ Camera của m&aacute;y, giờ đ&acirc;y m&aacute;y đ&atilde; đặt vị tr&iacute; Camera tốt hơn&nbsp;mang tới trải nghiệm cho người d&ugrave;ng tốt hơn c&aacute;c phi&ecirc;n bản trước kia. Giờ đ&acirc;y việc sử dụng webcam kh&ocirc;ng c&ograve;n kh&oacute; khăn nữa</p>\r\n\r\n<p><img alt=\"\" src=\"https://thinkpro.vn/uploads/images/userfiles/7390_41.jpg\" style=\"height:436px; width:775px\" /></p>\r\n\r\n<h1><strong>3. Cấu h&igrave;nh mạnh hơn nhanh hơn</strong></h1>\r\n\r\n<p>Điều n&agrave;y được thể hiện qua việc XPS 13 7390 l&agrave; một trong những laptop đi đầu về sử dụng CPU thế hệ mới của Intel đ&oacute; l&agrave;&nbsp;i5-10210U. Giờ đ&acirc;y việc giải tr&iacute; l&agrave;m việc đa t&aacute;c vụ kh&ocirc;ng c&ograve;n l&agrave; vấn đề với chiếc laptop mỏng nhẹ n&agrave;y nữa. Phương ch&acirc;m của Dell mang tới sản phẩm n&agrave;y ch&iacute;nh l&agrave; bền bỉ, mạnh mẽ, thanh lịch, sang trọng trong chiếc XPS 7390 n&agrave;y</p>\r\n\r\n<p><img alt=\"\" src=\"https://thinkpro.vn/uploads/images/userfiles/7390_51.jpg\" style=\"height:436px; width:775px\" /></p>\r\n', 'dell xps 13', 32990000, 1, 9, 1, '2020-06-15 14:43:12', '2020-06-15 14:43:12'),
(37, 'Dell XPS 15 7590', 'dell-xps-15-7590', 'Dell XPS 15 7590 i7-9750H RAM 16GB SSD 256GB FHD IPS GTX 1650', 'Balo laptop chính hãng', 'Vệ sinh máy, tra keo tản nhiệt', 'Cài đặt phần mềm miễn phí', 'Pin, Dây nguồn, Sách hướng dẫn, Thùng máy, Adapter sạc ', '1592227726_dell-xps-15.png', '<h1><span style=\"font-size:14px\"><strong>Hệ điều h&agrave;nh phổ biến v&agrave; đa năng nhất</strong></span></h1>\r\n\r\n<p>Dell XPS 15 7590 đ&atilde; được c&agrave;i sẵn hệ điều h&agrave;nh Windows 10 Pro/Home hỗ trợ hầu như mọi phần mềm cho m&aacute;y t&iacute;nh hiện nay. Khi mua h&agrave;ng tại ThinkPro, bạn sẽ được c&agrave;i lại Win, n&acirc;ng cấp Windows miễn ph&iacute;, n&acirc;ng cao trải nghiệm sử dụng l&ecirc;n kh&aacute; nhiều</p>\r\n', '<h1><strong>Laptop 15.6&quot; nhỏ nhất h&agrave;nh tinh</strong></h1>\r\n\r\n<p><strong>Vị tr&iacute; Camera đ&atilde; được cải thiện:</strong>&nbsp;Dell đ&atilde; chiều theo &yacute; người d&ugrave;ng, Webcam b&acirc;y giờ đ&atilde; được l&ecirc;n đỉnh chứ kh&ocirc;ng c&ograve;n ở ph&iacute;a dưới như trước nữa&nbsp;</p>\r\n\r\n<p><img alt=\"\" src=\"https://www.thinkpro.vn/uploads/images/userfiles/san-pham/Dell/XPS7590/xps_7590_4.png\" /><br />\r\n<br />\r\n&nbsp;</p>\r\n\r\n<p><strong>Cấu tr&uacute;c Webcam ngon hơn:</strong>&nbsp;c&aacute;c bộ phận của Camera nay đ&atilde; được cải tiến, bộ len được n&acirc;ng cấp khiến cho h&igrave;nh ảnh trước ống k&iacute;nh trở n&ecirc;n trong s&aacute;ng v&agrave; sắc n&eacute;t hơn rất nhiều, hứa hẹn&nbsp;sẽ mang đến cho bạn những gi&acirc;y ph&uacute;t Stream, Facetime đ&aacute;ng nhớ nhất!&nbsp;<br />\r\n<br />\r\n<strong>M&agrave;n h&igrave;nh InfinityEdge c&oacute; viền si&ecirc;u mỏng:</strong>&nbsp;Viền m&agrave;n h&igrave;nh được l&agrave;m mỏng đến nỗi chiếc laptop 15.6&quot; m&agrave; vẫn tr&ocirc;ng như 14&quot; vậy.</p>\r\n\r\n<p><img alt=\"\" src=\"https://www.thinkpro.vn/uploads/images/userfiles/san-pham/Dell/XPS7590/xps_7590_3.png\" /><br />\r\n&nbsp;</p>\r\n\r\n<p><strong>Thiết kế để h&agrave;i h&ograve;a:&nbsp;</strong>với độ mỏng chỉ&nbsp;11-17mm v&agrave; c&acirc;n nặng 1.8 kg, XPS 15 7590 l&agrave; chiếc laptop si&ecirc;u cơ động cho mọi nhu cầu của bạn.</p>\r\n\r\n<p><img alt=\"\" src=\"https://www.thinkpro.vn/uploads/images/userfiles/san-pham/Dell/XPS7590/xps_7590_1.png\" /></p>\r\n\r\n<h1><strong>M&agrave;n h&igrave;nh si&ecirc;u đẹp d&ugrave; ở bất cứ nơi n&agrave;o</strong></h1>\r\n\r\n<p><strong>Tương phản s&acirc;u:</strong>&nbsp;M&agrave;n h&igrave;nh IPS với tỉ lệ tương phản 100000:1 chắc chắn sẽ khiến cho sắc s&aacute;ng v&agrave; tối trở n&ecirc;n s&acirc;u hơn bao giờ hết.&nbsp;<br />\r\n<br />\r\n<strong>Lung linh đến từng chi tiết:</strong>&nbsp;M&agrave;n h&igrave;nh&nbsp;Full HD&nbsp;(1920&nbsp;x 10800) với gần 2&nbsp;triệu điểm ảnh sẽ gi&uacute;p bạn nh&igrave;n r&otilde; đến từng chi tiết.&nbsp;</p>\r\n\r\n<p><img alt=\"\" src=\"https://www.thinkpro.vn/uploads/images/userfiles/san-pham/Dell/XPS7590/xps_7590_5.png\" /><br />\r\n<br />\r\n&nbsp;</p>\r\n\r\n<p><strong>Đẹp l&agrave; vĩnh cửu:</strong>&nbsp;Độ bao phủ m&agrave;u sắc đạt tr&ecirc;n 100% sRGB c&ugrave;ng độ s&aacute;ng l&ecirc;n tới 500 nits sẽ gi&uacute;p bạn thoải m&aacute;i thiết kế đồ họa, s&aacute;ng tạo mọi l&uacute;c mọi nơi d&ugrave; trong m&ocirc;i trường ch&oacute;i l&oacute;a hay tối tăm nhất.</p>\r\n\r\n<p>&nbsp;</p>\r\n\r\n<h1><strong>Hiệu năng vượt trội</strong></h1>\r\n\r\n<p>Được trang bị bộ vi xử l&yacute; Intel Core i7-9750H,&nbsp;RAM c&oacute; thể l&ecirc;n tới&nbsp;32GB,&nbsp;SSD 1TB v&agrave; GPU nVIDIA GTX 1650, Dell XPS 15 7590 c&oacute; thể l&agrave;m bất cứ thứ g&igrave; bạn y&ecirc;u cầu, từ l&agrave;m đồ họa nhẹ nh&agrave;ng cho đến chiến những tựa game nặng nhất nh&igrave; hiện nay m&agrave; kh&ocirc;ng sợ giật lag, mọi thứ đều được thực hiện một c&aacute;ch mượt m&agrave;, đến nơi đến chốn.</p>\r\n\r\n<p><img alt=\"\" src=\"https://www.thinkpro.vn/uploads/images/userfiles/san-pham/Dell/XPS7590/xps_7590.png\" /></p>\r\n\r\n<p>&nbsp;</p>\r\n\r\n<h1><strong>&Acirc;m thanh 3 chiều trong rạp chiếu</strong></h1>\r\n\r\n<p>C&ocirc;ng nghệ &acirc;m thanh v&ograve;m Waves Maxx Audio độc quyền&nbsp; khiến &acirc;m thanh trở n&ecirc;n ch&acirc;n thực hơn, mọi bước đi, tiếng động được ph&aacute;t ra trở n&ecirc;n gần gũi bạn hơn bao giờ hết, hứa hẹn sẽ mang đến cho bạn những gi&acirc;y ph&uacute;t giải tr&iacute; tuyệt vời</p>\r\n\r\n<p><img alt=\"\" src=\"https://www.thinkpro.vn/uploads/images/userfiles/san-pham/Dell/XPS7590/xps_7590_6.png\" /></p>\r\n\r\n<p>&nbsp;</p>\r\n\r\n<h1><strong>Kết nối lu&ocirc;n đầy đủ</strong></h1>\r\n\r\n<p>Được trang bị hầu như đầy đủ c&aacute;c cổng kết nối th&ocirc;ng dụng v&agrave; phổ biến nhất hiện nay, Dell XPS 15 7590 hứa hẹn sẽ l&agrave;m bạn h&agrave;i l&ograve;ng d&ugrave; cho ở nơi văn ph&ograve;ng y&ecirc;n tĩnh hay chốn giảng đường ồn &agrave;o, tấp nập.</p>\r\n\r\n<p><img alt=\"\" src=\"https://www.thinkpro.vn/uploads/images/userfiles/san-pham/Dell/XPS7590/xps_7590_2.png\" /></p>\r\n', 'dell xps 15', 42990000, 1, 9, 1, '2020-06-15 14:43:57', '2020-06-15 14:43:57'),
(38, 'Lenovo IdeaPad L340', 'lenovo-ideapad-l340', 'Lenovo IdeaPad L340 i7-9750HF RAM 8GB SSD 256GB GTX 1050 FHD IPS', 'Balo laptop chính hãng', 'Vệ sinh máy, tra keo tản nhiệt', 'Cài đặt phần mềm miễn phí', 'Pin, Dây nguồn, Sách hướng dẫn, Thùng máy, Adapter sạc ', '1592227909_lenovo-ideapad.jpg', '', '<h1><strong>1.Đ&aacute;nh thức t&agrave;i năng Gaming của bạn</strong>&nbsp;</h1>\r\n\r\n<p>Với bộ vi xử l&yacute; Intel Core i7 thế hệ 9 mới nhất c&oacute; tốc độ xử l&yacute; nhanh hơn thế hệ cũ đến 20%, bạn sẽ c&oacute; lợi hơn đối thủ của m&igrave;nh trong nhiều mặt, bắn nhanh hơn, chạy nhanh hơn v&agrave; đặc biệt l&agrave; nhanh nhạy hơn rất nhiều.Sức mạnh v&agrave; hiệu năng cộng th&ecirc;m một b&agrave;n ph&iacute;m đậm chất&nbsp;<strong>gaming</strong>, đ&oacute; ch&iacute;nh l&agrave; những thứ cần thiết của một game thủ, cộng th&ecirc;m một th&acirc;n h&igrave;nh mỏng nhẹ v&agrave; quyến rũ,&nbsp;<a href=\"https://www.thinkpro.vn/lenovo-ideapad-l340-pl488.html\"><strong>IdeaPad L340 Gaming</strong></a>&nbsp;ch&iacute;nh l&agrave; một chiếc&nbsp;<a href=\"https://www.thinkpro.vn/laptop-gaming-pl239.html\"><strong>Gaming Laptop</strong></a>&nbsp;thực thụ!</p>\r\n\r\n<p><img alt=\"\" src=\"https://thinkpro.vn/uploads/images/userfiles/l340_2.jpg\" style=\"height:436px; width:775px\" /></p>\r\n\r\n<h1><strong>2.Th&aacute;ch thức mọi tựa game</strong></h1>\r\n\r\n<p>Card đồ họa nVIDIA GeForce&reg; GTX 1050 được x&acirc;y dựng dựa tr&ecirc;n kiến tr&uacute;c t&acirc;n tiến&nbsp;NVIDIA Turing&trade; với hiệu năng si&ecirc;u mạnh mẽ sẽ gi&uacute;p bạn chinh chiến mọi tựa game d&ugrave; l&agrave; nặng đồ họa nhất hiện nay. Hoặc nếu b&agrave;n l&agrave; một nh&agrave; thiết kế đồ họa? Đừng lo v&igrave; 1050 sẽ c&acirc;n được hết.</p>\r\n\r\n<p><img alt=\"\" src=\"https://thinkpro.vn/uploads/images/userfiles/l340_5.jpg\" style=\"height:436px; width:775px\" /></p>\r\n\r\n<h1><strong>3.Ch&igrave;m đắm trong thế giới&nbsp;game&nbsp;</strong></h1>\r\n\r\n<p>C&ocirc;ng nghệ &acirc;m thanh được trang bị tr&ecirc;n&nbsp;<a href=\"https://www.thinkpro.vn/lenovo-ideapad-l340-pl488.html\"><strong>IdeaPad L340</strong></a>&nbsp;ch&iacute;nh l&agrave;&nbsp;Dolby Audio&trade; nổi tiếng. Thứ c&ocirc;ng nghệ &acirc;m thanh v&ograve;m t&acirc;n tiến nhất n&agrave;y sẽ gi&uacute;p bạn cảm nhận được từng &acirc;m thanh trong game, thậm ch&iacute; l&agrave; cả tiếng bước ch&acirc;n của đối thủ.</p>\r\n\r\n<p><img alt=\"\" src=\"https://thinkpro.vn/uploads/images/userfiles/l340_1.jpg\" style=\"height:436px; width:775px\" /></p>\r\n\r\n<h1><strong>4.M&aacute;t mẻ v&agrave; dịu &ecirc;m&nbsp;</strong></h1>\r\n\r\n<p><a href=\"https://www.thinkpro.vn/lenovo-ideapad-l340-pl488.html\"><strong>Lenovo IdeaPad L340</strong></a>&nbsp;c&oacute; 2 chế độ quạt:&nbsp;&lsquo;Quick&rsquo; để chơi game v&agrave;&nbsp;&lsquo;Quiet&rsquo; l&agrave; để l&agrave;m việc.&nbsp; D&ugrave; l&agrave; ở chế độ n&agrave;o th&igrave; chiếc&nbsp;<a href=\"http://thinkpro.vn/\"><strong>laptop</strong></a>&nbsp;của bạn vẫn sẽ lu&ocirc;n m&aacute;t mẻ, gi&uacute;p cho tuổi thọ của m&aacute;y cũng như trải nghiệm của bạn&nbsp;được tăng l&ecirc;n rất nhiều.</p>\r\n\r\n<p><img alt=\"\" src=\"https://thinkpro.vn/uploads/images/userfiles/l340_3.jpg\" style=\"height:436px; width:775px\" /></p>\r\n', ' Dell Inspiron 3552, Dell Inspiron 3552, Dell Inspiron 3552', 19490000, 1, 18, 1, '2020-06-15 14:45:51', '2020-06-15 14:45:51'),
(39, 'Lenovo Legion Y545', 'lenovo-legion-y545', 'Lenovo Legion Y545 i7-9750H SSD 512GB RAM 16GB FHD 144Hz RTX 2060', 'Balo laptop chính hãng', 'Vệ sinh máy, tra keo tản nhiệt', 'Cài đặt phần mềm miễn phí', 'Pin, Dây nguồn, Sách hướng dẫn, Thùng máy, Adapter sạc ', '1592228095_lenovo-legion-y545.jpg', '', '<h1><strong>1.Đổi mới c&aacute;ch chơi game</strong></h1>\r\n\r\n<p>Legion Y545 mang tới sức mạnh từ GPU NVIDIA&reg; GeForce RTX&trade; với cấu tr&uacute;c&nbsp;NVIDIA&reg; Turing GPU đ&atilde; mang đến một cuộc c&aacute;ch mạng cho game thủ với t&iacute;nh năng Ray-Tracing cực độc đ&aacute;o khi c&oacute; thể l&agrave;m cho h&igrave;nh ảnh trở n&ecirc;n sống động, ch&acirc;n thực hơn, hiệu ứng đổ b&oacute;ng cũng như khả năng t&iacute;nh to&aacute;n của AI được tăng cường rất nhiều, gi&uacute;p cho trải nghiệm chơi game của bạn được n&acirc;ng l&ecirc;n một tầm cao mới.</p>\r\n\r\n<p><img alt=\"\" src=\"https://www.thinkpro.vn/uploads/images/userfiles/y545_3.jpg\" /></p>\r\n\r\n<h1><strong>2.Mỏng nhẹ l&agrave; thời thế</strong></h1>\r\n\r\n<p>Thay thế cho những d&ograve;ng m&aacute;y chơi game cũ to nạc v&agrave; hầm hố, Legion Y545 nay đ&atilde; trở n&ecirc;n mỏng nhẹ hơn rất nhiều. Với độ d&agrave;y chỉ l&agrave;&nbsp;24.7mm v&agrave; c&acirc;n nặng l&agrave;&nbsp;2.3kg, Legion Y545 ch&iacute;nh l&agrave; kết quả của qu&aacute; tr&igrave;nh h&agrave;i h&ograve;a giữa hiệu năng v&agrave; độ cơ động, gi&uacute;p cho c&aacute;c game thủ nay c&oacute; thể mang theo chiếc m&aacute;y b&ecirc;n m&igrave;nh bất cứ khi n&agrave;o, sẵn s&agrave;ng tham gia mọi cuộc vui nếu cần thiết.</p>\r\n\r\n<p><img alt=\"\" src=\"https://www.thinkpro.vn/uploads/images/userfiles/y545_4.jpg\" /></p>\r\n\r\n<h1><strong>3.N&acirc;ng cấp đến từng kh&iacute;a cạnh một</strong></h1>\r\n\r\n<p>Kh&ocirc;ng chỉ c&oacute; sự n&acirc;ng cấp của CPU v&agrave; GPU, Legion Y545 sở hữu 2 khe RAM DDR4 c&oacute; thể n&acirc;ng cấp l&ecirc;n tới 32GB cho bạn thoải m&aacute;i l&agrave;m những t&aacute;c vụ đa nhiệm, xử l&yacute; truyền th&ocirc;ng đa phương tiện, ổ cứng SSD m2 NVMe PCIe cho tốc độ đọc ghi nhanh gấp 32 lần so với c&aacute;c ổ cứng HDD th&ocirc;ng thường n&ecirc;n bạn sẽ chỉ mất chưa đến 5 gi&acirc;y l&agrave; đ&atilde; c&oacute; thể bật m&aacute;y l&ecirc;n v&agrave; ho&agrave;n th&agrave;nh c&ocirc;ng việc trong thời gian sớm nhất.</p>\r\n\r\n<p><img alt=\"\" src=\"https://www.thinkpro.vn/uploads/images/userfiles/y545_1.jpg\" /></p>\r\n\r\n<h1><strong>4.Thế giới như tr&agrave;o ra b&ecirc;n ngo&agrave;i</strong></h1>\r\n\r\n<p>Legion Y545 sở hữu một m&agrave;n h&igrave;nh FHD 15.6 inch c&oacute; viền cực mỏng n&ecirc;n c&oacute; thể hiển thị tới h&agrave;ng triệu điểm ảnh d&ugrave; tr&ocirc;ng như m&agrave;n h&igrave;nh 14 inch. Tần số qu&eacute;t l&ecirc;n tới 144Hz, độ bao phủ m&agrave;u sắc đạt đến 72% gamut c&ugrave;ng tấm nền IPS cao cấp ch&iacute;nh l&agrave; những nh&acirc;n tố kh&ocirc;ng thể n&agrave;o thiếu cho cuộc vui của bạn.</p>\r\n\r\n<p><img alt=\"\" src=\"https://www.thinkpro.vn/uploads/images/userfiles/y545_2.jpg\" style=\"height:436px; width:775px\" /></p>\r\n', 'Lenovo Legion Y545 , gamming', 35990000, 1, 18, 1, '2020-06-15 14:48:40', '2020-06-15 14:48:40');
INSERT INTO `products` (`id`, `name`, `slug`, `intro`, `promo1`, `promo2`, `promo3`, `packet`, `images`, `r_intro`, `review`, `tag`, `price`, `status`, `cat_id`, `user_id`, `created_at`, `updated_at`) VALUES
(40, 'HP Envy 13', 'hp-envy-13', 'N3050/2GB/500GB/Win10', 'Balo laptop chính hãng', 'Vệ sinh máy, tra keo tản nhiệt', 'Cài đặt phần mềm miễn phí', 'HP Envy 13 i7 10510U RAM 8GB SSD 256GB FHD IPS MX250', '1592228254_hp-envy-13.jpg', '<h2><span style=\"font-size:12px\"><strong>HP Envy 13</strong>&nbsp;với mức gi&aacute; chưa đến 30 triệu đồng tại cửa h&agrave;ng ThinkPro, bạn sẽ c&oacute; cho m&igrave;nh một chiếc laptop mỏng nhẹ, với thiết kế kim loại, một bộ vi xử l&yacute; thế hệ 8 Core i7-8565U, một m&agrave;n h&igrave;nh 4K Ultra HD, một thời lượng pin d&agrave;i v&agrave; một b&agrave;n ph&iacute;m h&agrave;ng đầu tr&ecirc;n thị trường hiện nay.</span></h2>\r\n', '<h2><strong>Thiết kế nhỏ gọn</strong></h2>\r\n\r\n<p><strong>HP Envy 13</strong>&nbsp;l&agrave; một chiếc laptop thuộc d&ograve;ng Ultrabook với thiết kế mỏng nhẹ sang trọng, thiết kế nhỏ gọn v&agrave; khung viền mỏng tạo cho n&oacute; sự thẩm mỹ hiện đại. Tuy n&oacute; kh&ocirc;ng được nhỏ gọn như&nbsp;<a href=\"https://www.thinkpro.vn/dell-xps-13-pl292.html\"><em><strong>Dell XPS 13</strong></em></a>&nbsp;nhưng Envy cũng mang tr&ecirc;n m&igrave;nh những điểm kh&aacute; đặc biệt. Bạn c&oacute; thể thấy phần nắp m&aacute;y được l&agrave;m bằng kim loại nh&ocirc;m, nổi bật l&agrave; phần logo HP nằm giữa rất nổi bật. Đ&acirc;y c&oacute; thể n&oacute;i l&agrave; logo thiết kế rất đẹp, ngo&agrave;i ra phần nắp c&oacute; một đường cong nhỏ ở ph&iacute;a sau bản lề gi&uacute;p bảo về phần bản lề kh&ocirc;ng bị b&aacute;m bị bẩn trong qu&aacute; tr&igrave;nh sử dụng, cũng như mang lại điểm nhấn trong thiết kế chiếc m&aacute;y n&agrave;y.</p>\r\n\r\n<p><img alt=\"\" src=\"https://www.thinkpro.vn/uploads/images/userfiles/hpenvy131thinkpro.jpg\" /></p>\r\n\r\n<p>Phần nắp nổi bật logo HP ở giữa</p>\r\n\r\n<p><strong>HP En vy 13</strong>&nbsp;c&oacute; k&iacute;ch thước 305.4mm x 215.6mm x 15.4mm, bạn ho&agrave;n to&agrave;n c&oacute; thể bỏ vừa vặn v&agrave;o một chiếc t&uacute;i nhỏ hoặc vừa khiết đặt l&ecirc;n cả một chiếc ghế nhỏ nhất, trong khi chiếc laptop n&agrave;y chỉ nặng 1.38 kg gi&uacute;p bạn c&oacute; thể mang n&oacute; di chuyển cả ng&agrave;y m&agrave; kh&ocirc;ng hề c&oacute; sự mệt mỏi, mọi việc dường như thật dễ d&agrave;ng.</p>\r\n\r\n<p>&nbsp;</p>\r\n\r\n<h2><strong>M&agrave;n h&igrave;nh hiển thị tốt</strong></h2>\r\n\r\n<p><strong>HP</strong>&nbsp;trang&nbsp; bị cho&nbsp;<strong>Envy 13</strong>&nbsp;một m&agrave;n h&igrave;nh 13.3 inch với t&ugrave;y chọn độ ph&acirc;n giải FHD hoặc 4K UHD. Với m&agrave;n h&igrave;nh FHD,<strong>&nbsp;Envy 13</strong>&nbsp;cũng đ&atilde; mang lại kh&ocirc;ng gian m&agrave;u l&ecirc;n đến 106% sRGB v&agrave; độ s&aacute;ng l&ecirc;n đến 248 nits cho chất lượng h&igrave;nh ảnh tốt, độ tương phản tốt, tấm nền IPS đi k&egrave;m cũng cho ph&eacute;p bạn c&oacute; một g&oacute;c nh&igrave;n rộng. Với m&agrave;n h&igrave;nh 4K th&igrave; bạn sẽ c&oacute; kh&ocirc;ng gian trải nghiệm tốt hơn, chất lượng hiển thị tốt hơn tuy nhi&ecirc;n bạn cũng phải bỏ ra số tiền lớn hơn v&agrave; chấp nhận thời lượng pin ngắn hơn. Phần bản lề cũng ch ph&eacute;p bản mở m&agrave;n h&igrave;nh ra một g&oacute;c 130 độ.</p>\r\n\r\n<p><img alt=\"\" src=\"https://www.thinkpro.vn/uploads/images/userfiles/hpenvy132thinkpro.jpg\" /></p>\r\n\r\n<p>M&agrave;n h&igrave;nh của HP Envy 13</p>\r\n\r\n<p>&nbsp;</p>\r\n\r\n<h2><strong>Hiệu năng ổn định</strong></h2>\r\n\r\n<p><strong>HP Envy 13</strong>&nbsp;được trang bị bộ vi xử l&yacute; thế hệ 8 mới nhất của Intel. Với cấu h&igrave;nh đang b&agrave;y b&aacute;n tại cửa h&agrave;ng ThinkPro i7-8565U, RAM 16GB, SSD 512GB mang đến hiệu năng cao trong c&aacute;c t&aacute;c vụ hằng ng&agrave;y cũng như b&agrave;i đ&aacute;nh gi&aacute; ti&ecirc;u chuẩn. Ngay cả với h&agrave;ng chục tab Chrome xem video youtube vẫn kh&ocirc;ng hề c&oacute; sự chậm trễ n&agrave;o.</p>\r\n\r\n<p>Một sự hiếm c&oacute; cho một chiếc m&aacute;y t&iacute;nh x&aacute;ch tay si&ecirc;u mỏng 13 inch n&agrave;y đ&oacute; l&agrave; chiếc Card đồ họa chuy&ecirc;n dụng Ndivia GecForce MX250 dựa tr&ecirc;n Pascal, tuy kh&ocirc;ng mạnh mẽ như GPU GTX nhưng n&oacute; vẫn c&oacute; khả năng chơi c&aacute;c tr&ograve; chơi th&ocirc;ng thường. Ngay cả khi tối đa c&aacute;c thiết lập trong game Dota 2 bạn vẫn c&oacute; thể đạt được tỉ lệ khung h&igrave;nh cao v&agrave; ổn định, tuy nhi&ecirc;n với c&aacute;c game như CSGO hoặc PUBG th&igrave; bạn cần giảm c&aacute;c thiết lập để c&oacute; thể chơi được c&aacute;c tr&ograve; chơi n&agrave;y một c&aacute;ch tốt nhất.</p>\r\n\r\n<p>Ngo&agrave;i chơi game&nbsp;<strong>HP Envty 13</strong>&nbsp;l&agrave; một chiếc m&aacute;y t&iacute;nh x&aacute;ch tay nhanh v&agrave; linh hoạt với ổ cứng SSD NVMe 512GB cho tốc độ lưu trữ, truyền tải dữ liệu một c&aacute;ch nhanh ch&oacute;ng.</p>\r\n\r\n<p>&nbsp;</p>\r\n\r\n<h2><strong>B&agrave;n ph&iacute;m &amp; TouchPad</strong></h2>\r\n\r\n<p><strong>HP Envy 13</strong>&nbsp;được trang bị một b&agrave;n ph&iacute;m trắng, c&oacute; đ&egrave;n nền, tuy nhi&ecirc;n đ&egrave;n nền của n&oacute; chỉ c&oacute; một mức l&agrave; bật hoặc tắt. B&agrave;n ph&iacute;m c&oacute; h&agrave;nh tr&igrave;nh tốt, c&aacute;ch bố tr&iacute; tốt, độ phản hồi cao, người d&ugrave;ng ho&agrave;n to&agrave;n c&oacute; thể g&otilde; l&ecirc;n tới 110 từ/ ph&uacute;t. Phần TouchPad ch&iacute;nh x&aacute;c c&oacute; thể nhận ra c&aacute;c cử chỉ như di chuyển hai ng&oacute;n tay. Một TouchPad đủ rộng gi&uacute;p bạn c&oacute; những trải nghiệm tuyệt vời khi sử dụng</p>\r\n\r\n<p><img alt=\"\" src=\"https://www.thinkpro.vn/uploads/images/userfiles/hpenvy133thinkpro.jpg\" /></p>\r\n\r\n<p>Phần TouchPad cho cảm gi&aacute;c tốt</p>\r\n\r\n<p>&nbsp;</p>\r\n\r\n<h2><strong>Cổng kết nối đầy đủ</strong></h2>\r\n\r\n<p>Kết nối cũng l&agrave; một trong những điểm nổi bật của HP Envy 13 khi n&oacute; sở hữu 2 cổng USB-C, 2 cổng USB 3.1 v&agrave;&nbsp; jack cắm tai nghe, bạn cũng c&oacute; một khe cắm thẻ nhớ SD.</p>\r\n\r\n<p><img alt=\"\" src=\"https://www.thinkpro.vn/uploads/images/userfiles/hpenvy134thinkpro.jpg\" /></p>\r\n', 'hp envy 13', 25990000, 1, 11, 1, '2020-06-15 14:47:01', '2020-06-15 14:47:01'),
(41, 'HP Spectre X360', 'hp-spectre-x360', 'HP Spectre X360 13 i7-8565U SSD 256GB RAM 8GB FHD IPS TOUCH ', 'Balo laptop chính hãng', 'Vệ sinh máy, tra keo tản nhiệt', 'Cài đặt phần mềm miễn phí', 'Pin, Dây nguồn, Sách hướng dẫn, Thùng máy, Adapter sạc ', '1592228425_hp-spectre.jpg', '', '<h1><strong>1.L&atilde;ng tử v&agrave; mạnh mẽ</strong></h1>\r\n\r\n<p>Đ&oacute; ch&iacute;nh l&agrave; điểm nh&acirc;n m&agrave;&nbsp;<strong>HP Spectre X360 13</strong>&nbsp;mang tới cho d&ograve;ng sản phẩm n&agrave;y, mang một m&agrave;u sắc v&ocirc; c&ugrave;ng l&atilde;ng tử nhưng kh&ocirc;ng k&eacute;m sự mạnh mẽ. Đ&acirc;y ch&iacute;nh l&agrave; sản phẩm th&iacute;ch hợp cho người cần một chiếc laptop thời trang.</p>\r\n\r\n<p><img alt=\"\" src=\"https://thinkpro.vn/uploads/images/userfiles/x360_22.jpg\" style=\"height:436px; width:775px\" /></p>\r\n\r\n<h1><strong>2.Thiết kế mỏng nhẹ v&agrave; lịch thiệp</strong></h1>\r\n\r\n<p>Bề ngo&agrave;i của&nbsp;<strong>HP Spectre X360 13</strong>&nbsp;được bao bọc bởi một lớp vỏ l&agrave;m từ nh&ocirc;m nguy&ecirc;n khối cao cấp gi&uacute;p tăng độ b&oacute;ng bẩy v&agrave; bền bỉ cho chiếc laptop. Khung b&agrave;n ph&iacute;m v&agrave; phần k&ecirc; tay được thiết kế rất mềm mại gi&uacute;p ta kh&ocirc;ng bị mỏi tay sau thời gian d&agrave;i l&agrave;m việc căng thẳng. Với độ d&agrave;y 14.5 mm v&agrave; c&acirc;n&nbsp;nặng chỉ 1.33kg,&nbsp;<strong>HP Spectre X360 13</strong>&nbsp;c&oacute; thể theo bạn bất cứ đ&acirc;u, hỗ trợ bạn trong mọi t&igrave;nh huống bạn cần.</p>\r\n\r\n<p><img alt=\"\" src=\"https://thinkpro.vn/uploads/images/userfiles/x360_51.jpg\" style=\"height:436px; width:775px\" /></p>\r\n\r\n<h1><strong>3.Phong c&aacute;ch 360 độ</strong></h1>\r\n\r\n<p>Bản lề của&nbsp;<strong>HP Spectre X360 13&nbsp;</strong>c&oacute; độ ho&agrave;n thiện rất cao gi&uacute;p cho m&agrave;n h&igrave;nh được cố định rất chắc chắn. Hơn nữa, bản lề của chiếc m&aacute;y cũng được thiết kế sao cho ta c&oacute; thể gập mở m&agrave;n h&igrave;nh l&ecirc;n đến một g&oacute;c 360 độ - giống hệt quyển vở - gi&uacute;p ta c&oacute; thể biến 1 chiếc laptop th&agrave;nh 1 chiếc m&aacute;y t&iacute;nh bảng bất cứ khi n&agrave;o ta muốn.</p>\r\n\r\n<p><img alt=\"\" src=\"https://thinkpro.vn/uploads/images/userfiles/x360_31.jpg\" style=\"height:436px; width:775px\" /></p>\r\n\r\n<h1><strong>4.M&agrave;n h&igrave;nh cảm ứng tuyệt đẹp</strong></h1>\r\n\r\n<p>Với 8,2 triệu điểm ảnh, m&agrave;n h&igrave;nh 3840 x 2160 hiển thị mọi nội dung với chất lượng đỉnh cao v&agrave; độ sắc n&eacute;t ch&acirc;n thực, c&aacute;ch t&acirc;n kiểu d&aacute;ng với viền m&agrave;n h&igrave;nh gần như v&ocirc; cực, cho ph&eacute;p ướm kh&iacute;t m&agrave;n h&igrave;nh 13,3 inch v&agrave;o một bộ khung thon gọn hơn.</p>\r\n\r\n<p><img alt=\"\" src=\"https://thinkpro.vn/uploads/images/userfiles/x360_11.jpg\" style=\"height:436px; width:775px\" /></p>\r\n', 'hp spentre x360', 29990000, 1, 11, 1, '2020-06-15 14:48:43', '2020-06-15 14:48:43'),
(42, 'WORKSTATION PC - Renda Master', 'workstation-pc-renda-master', 'WORKSTATION PC - Renda Master - i9 10900K/ Z490/ 32GB/ 512G/ RTX 2070/ 750W', 'Bộ quà tặng trị giá 3,8 triệu:  - Nguồn Cooler Master V750 - 80 Plus Gold  - Bàn di TNC Premium', '', '', 'Thùng máy, day cab kết nối', '1592229388_1592138498_gaming-pc-nova-2070.jpg', '<p><strong>AM KẾT B&Aacute;N H&Agrave;NG CH&Iacute;NH H&Atilde;NG, LINH KIỆN NGUY&Ecirc;N ZIN</strong></p>\r\n\r\n<p><strong>CHẾ ĐỘ BẢO H&Agrave;NH 1 ĐỔI 1</strong></p>\r\n\r\n<p>* Th&ugrave;ng m&aacute;y đ&atilde; được c&agrave;i đặt sẵn Windows, Antivirus, Office, PDF Reader, IE 8, Firefox, Chrome, Vietkey, Fonts, Codec Media... Hỗ trợ c&agrave;i đặt miễn ph&iacute; th&ecirc;m c&aacute;c phần mềm do Qu&yacute; Kh&aacute;ch y&ecirc;u cầu.</p>\r\n', '', '', 43749000, 1, 21, 1, '2020-06-15 14:50:42', '2020-06-15 14:50:42'),
(43, 'Gaming PC Sentinel - Powered By MSI & AMD - R7', 'gaming-pc-sentinel-powered-by-msi-amd-r7', 'Gaming PC Sentinel - Powered By MSI & AMD - R7 3700X/ X570/ 32GB/ 1TB NVME/ RX 5700XT/ 750W', 'Hoàn tiền 5% (Áp dụng với linh kiện trong bộ pc, không tính CPU)', 'Bộ quà tặng trị giá 2,5 triệu - SSD Intel 760p 256Gb NVMe hoặc Tản Nhiệt Nước CPU DeepCool Gammaxx L240 V2 - Bàn di TNC Premium', '', 'Thùng máy, day cab kết nối', '1592229540_1592138271_gaming-pc-apex.jpg', '', '<h2>Gaming PC Sentinel - Powered By MSI &amp; AMD - R7 3700X/ X570/ 32GB/ 1TB NVME/ RX 5700XT/ 750W</h2>\r\n\r\n<p>Gaming PC Sentinel - Powered By MSI &amp; AMD l&agrave; bộ case với sự dung hợp giữa 2 &ocirc;ng lớn trong l&agrave;ng c&ocirc;ng nghệ l&agrave; AMD v&agrave; MSI. Sản phẩm đ&atilde; được ra đời tại&nbsp;<a href=\"http://tncstore.vn/\">TNC Store</a></p>\r\n\r\n<p><img src=\"https://www.tncstore.vn/image/catalog/case%20gaming%20/Sentinel/pc-gaming-sentinel-powered-by-msi-and-amd-a.jpg\" /></p>\r\n', '', 48728000, 1, 21, 1, '2020-06-15 14:53:49', '2020-06-15 14:53:49'),
(44, 'Gaming PC Sentine', 'gaming-pc-sentine', 'Gaming PC Sentinel - i9 9900KS/ Z390/ 32GB/ 512Gb NVME/ RTX 2080 Super/ 750W', 'Hoàn tiền 5% (Áp dụng với linh kiện trong bộ pc, không tính CPU)', 'Bộ quà tặng trị giá 4 triệu  - AEROCOOL Earl Nobility hoặc Nguồn Cooler Master V750 - 80 Plus Gold  - Bàn di TNC Premium', '', 'Thùng máy, day cab kết nối', '1592229676_1592138926_gaming-pc-alpha-2200g.jpg', '', '<p>Th&ocirc;ng tin chi tiết sản phẩm:&nbsp;</p>\r\n\r\n<h2>Gaming PC Sentinel - i9 9900KS/ Z390/ 32GB/ 512Gb NVME/ RTX 2080 Super/ 750W</h2>\r\n\r\n<p>Gaming PC Sentinel - i9 9900KS l&agrave; cấu h&igrave;nh ho&agrave;n hảo cho cả chơi game v&agrave; l&agrave;m việc nặng</p>\r\n\r\n<p><img src=\"https://www.tncstore.vn/image/catalog/case%20gaming%20/Gaming%20PC%20Sentinel%20-%20i9%209900KS/gaming-pc-sentinel-i9-9900ks-z390-2080super-a.JPG\" /></p>\r\n', '', 57109000, 1, 21, 1, '2020-06-15 14:55:01', '2020-06-15 14:55:01'),
(45, 'Gaming PC - Siêu To Khổng Lồ ROG', 'gaming-pc-sieu-to-khong-lo-rog', 'Gaming PC - Siêu To Khổng Lồ ROG - i9 9900K/ Z390/ 32GB/ 1TB NVME + 10TB HDD/ 2* RTX 2080Ti/ 12000W', 'Giao hàng tận nơi trong nội thành', '', '', 'Thùng máy, day cab kết nối', '1592229863_1592138746_gaming-pc.jpg', '', '<h2>Gaming PC - Si&ecirc;u To Khổng Lồ ROG - i9 9900K/ Z390/ 32GB/ 1TB NVME + 10TB HDD/ 2* RTX 2080Ti/ 12000W</h2>\r\n\r\n<p>GAMING PC - SI&Ecirc;U TO KHỔNG LỒ ROG l&agrave; m&oacute;n qu&agrave; cực độc đ&aacute;o d&agrave;nh ri&ecirc;ng cho fan của ASUS ROG với cấu h&igrave;nh cực khủng với việc sử dụng c&aacute;c linh kiện c&acirc;y nh&agrave; l&aacute; vườn từ ASUS. Sản phẩm đ&atilde; được lắp r&aacute;p tại&nbsp;<a href=\"http://tncstore.vn/\">TNC Store</a></p>\r\n\r\n<p><img src=\"https://www.tncstore.vn/image/catalog/case%20gaming%20/Si%C3%AAu%20To%20Kh%E1%BB%95ng%20L%E1%BB%93%20ROG/gaming-pc-sieu-to-khong-lo-rog-8.JPG\" /></p>\r\n\r\n<p><img src=\"https://www.tncstore.vn/image/catalog/case%20gaming%20/Si%C3%AAu%20To%20Kh%E1%BB%95ng%20L%E1%BB%93%20ROG/gaming-pc-sieu-to-khong-lo-rog-7.JPG\" /></p>\r\n\r\n<p><img src=\"https://www.tncstore.vn/image/catalog/case%20gaming%20/Si%C3%AAu%20To%20Kh%E1%BB%95ng%20L%E1%BB%93%20ROG/gaming-pc-sieu-to-khong-lo-rog-6.JPG\" /></p>\r\n', '', 175378000, 1, 21, 1, '2020-06-15 14:57:19', '2020-06-15 14:57:19'),
(46, 'Gaming PC Asus ROG Huracan', 'gaming-pc-asus-rog-huracan', 'Gaming PC Asus ROG Huracan G21CX VN007T i7-9700K/ 16GB/ 512Gb-PCIE/ RTX2070 8G', 'Giao hàng tận nơi trong nội thành', '', '', 'Thùng máy, day cab kết nối', '1592230036_1592138271_gaming-pc-apex.jpg', '', '', '', 49990000, 1, 20, 1, '2020-06-15 14:59:13', '2020-06-15 14:59:13'),
(51, 'Razer Blade 15 White', 'razer-blade-15-white', 'Razer Blade 15 White i7-9750H RAM 16GB SSD 512GB FHD IPS 144Hz RTX 2060', 'Balo laptop chính hãng', 'Vệ sinh máy, tra keo tản nhiệt', 'Cài đặt phần mềm miễn phí', 'Pin, Dây nguồn, Sách hướng dẫn, Thùng máy, Adapter sạc ', '1592228646_1592131394_zazer-04.jpg', '', '<h1><strong>1.Thiết kế quyến rũ v&agrave; sang trọng&nbsp;</strong></h1>\r\n\r\n<p>Vẫn giữ nguy&ecirc;n thiết kế Unibody với vỏ m&aacute;y được l&agrave;m bằng nh&ocirc;m nguy&ecirc;n khối sơn cao cấp c&ugrave;ng với logo Razer m&agrave;u xanh l&aacute; bắt mắt truyền thống, nay m&agrave;n h&igrave;nh của Razer Blade đ&atilde; được ph&oacute;ng to l&ecirc;n với k&iacute;ch thước 15.6 inch với viền m&agrave;n h&igrave;nh được l&agrave;m mỏng đi theo phong c&aacute;ch Infinite Edge (viền mỏng v&ocirc; cực).</p>\r\n\r\n<p><img alt=\"\" src=\"https://www.thinkpro.vn/uploads/images/userfiles/b9.jpg\" /></p>\r\n\r\n<h1><strong>2.Mỏng nhẹ v&agrave; cơ động nhưng mạnh mẽ</strong></h1>\r\n\r\n<p>Razer Blade 15 c&oacute; k&iacute;ch thước 355mm x 235mm x 16.8mm với trọng lượng 2.07 kg, rất mỏng nhẹ gi&uacute;p bạn c&oacute; thể mang đi bất cứ nơi n&agrave;o một c&aacute;ch dễ d&agrave;ng. Ngo&agrave;i ra m&aacute;y c&ograve;n được trang bị CPU đến từ nh&agrave; Intel k&egrave;m theo đ&oacute; l&agrave; card đồ họa nVIDIA mang tới trải nghiệm game v&ocirc; c&ugrave;ng tốt. Razer c&oacute; thể c&acirc;n bất cứ tựa game n&agrave;o.<br />\r\n<img alt=\"\" src=\"https://www.thinkpro.vn/uploads/images/userfiles/e5.jpg\" /></p>\r\n\r\n<h1><strong>3.M&agrave;n h&igrave;nh sắc n&eacute;t, sống động</strong></h1>\r\n\r\n<p>Được trang bị m&agrave;n h&igrave;nh 15.6 inch với độ ph&acirc;n giải FHD, chất lượng hiển thị rất tốt: 100% sRGB c&ugrave;ng với tần số qu&eacute;t rất cao 144Hz, Razer Blade sẽ mang đến một trải nghiệm mượt m&agrave; cho người d&ugrave;ng cả khi chơi game lẫn l&uacute;c l&agrave;m việc hay thiết kế đồ họa, tinh chỉnh m&agrave;u sắc. Ngo&agrave;i ra, tấm nền IPS cho ph&eacute;p người d&ugrave;ng c&oacute; g&oacute;c nh&igrave;n l&ecirc;n tới 178 độ, d&ugrave; bạn c&oacute; thay đổi g&oacute;c nh&igrave;n như thế n&agrave;o th&igrave; cũng kh&ocirc;ng bao giờ phải lo đến chuyện bị l&oacute;a.<br />\r\n<img alt=\"\" src=\"https://www.thinkpro.vn/uploads/images/userfiles/c7.jpg\" /></p>\r\n\r\n<h1><strong>4.Hỗ trợ nhiều cổng kết nối&nbsp;</strong></h1>\r\n\r\n<p>Với c&aacute;c cổng kết nối Cổng USB 3.1, Thunderbolt 3, Mini DisplayPort v&agrave; HDMI, &nbsp;người d&ugrave;ng kh&ocirc;ng phải lo nghĩ về khả năng kết nối với c&aacute;c thiết bị b&ecirc;n ngo&agrave;i của chiếc Razer Blade 15 n&agrave;y. Thậm ch&iacute; với c&ocirc;ng nghệ Thunderbolt 3, ta c&oacute; thể kết nối tới 2 m&agrave;n h&igrave;nh c&oacute; độ ph&acirc;n giải 4K hay một m&agrave;n h&igrave;nh c&oacute; độ ph&acirc;n giải 5K.&nbsp;</p>\r\n\r\n<p><img alt=\"\" src=\"https://www.thinkpro.vn/uploads/images/userfiles/f6.jpg\" /></p>\r\n', 'Razer Blade 15', 49990000, 1, 24, 1, '2020-06-15 15:01:13', '2020-06-15 15:01:13'),
(52, 'Razer Blade 15 Quartz Pink', 'razer-blade-15-quartz-pink', 'Razer Blade 15 Quartz Pink i7-9750H RAM 16GB SSD 512GB FHD IPS RTX 2060', 'Balo laptop chính hãng', 'Vệ sinh máy, tra keo tản nhiệt', 'Cài đặt phần mềm miễn phí', 'Pin, Dây nguồn, Sách hướng dẫn, Thùng máy, Adapter sạc ', '1592228799_razer_pink_01.jpg', '', '<h1><strong>1.Thiết kế quyến rũ v&agrave; sang trọng&nbsp;</strong></h1>\r\n\r\n<p>Vẫn giữ nguy&ecirc;n thiết kế Unibody với vỏ m&aacute;y được l&agrave;m bằng nh&ocirc;m nguy&ecirc;n khối sơn hồng&nbsp;cao cấp c&ugrave;ng với logo Razer m&agrave;u xanh l&aacute; bắt mắt truyền thống, nay m&agrave;n h&igrave;nh của Razer Blade đ&atilde; được ph&oacute;ng to l&ecirc;n với k&iacute;ch thước 15.6 inch với viền m&agrave;n h&igrave;nh được l&agrave;m mỏng đi theo phong c&aacute;ch Infinite Edge (viền mỏng v&ocirc; cực).</p>\r\n\r\n<p><img alt=\"\" src=\"https://www.thinkpro.vn/uploads/images/userfiles/razerblade15pink1.png\" style=\"height:540px; width:807px\" /></p>\r\n\r\n<h1><br />\r\n<strong>2.Mỏng nhẹ v&agrave; cơ động nhưng mạnh mẽ</strong></h1>\r\n\r\n<p>Razer Blade 15 c&oacute; k&iacute;ch thước 355mm x 235mm x 16.8mm với trọng lượng 2.07 kg, rất mỏng nhẹ gi&uacute;p bạn c&oacute; thể mang đi bất cứ nơi n&agrave;o một c&aacute;ch dễ d&agrave;ng. Ngo&agrave;i ra m&aacute;y c&ograve;n được trang bị CPU đến từ nh&agrave; Intel k&egrave;m theo đ&oacute; l&agrave; card đồ họa nVIDIA mang tới trải nghiệm game v&ocirc; c&ugrave;ng tốt. Razer c&oacute; thể c&acirc;n bất cứ tựa game n&agrave;o.<br />\r\n<img alt=\"\" src=\"https://www.thinkpro.vn/uploads/images/userfiles/razerblade15pink3.jpg\" style=\"height:540px; width:807px\" /></p>\r\n\r\n<h1><strong>3.M&agrave;n h&igrave;nh sắc n&eacute;t, sống động</strong></h1>\r\n\r\n<p>Được trang bị m&agrave;n h&igrave;nh 15.6 inch với độ ph&acirc;n giải FHD, chất lượng hiển thị rất tốt: 100% sRGB c&ugrave;ng với tần số qu&eacute;t rất cao 144Hz, Razer Blade sẽ mang đến một trải nghiệm mượt m&agrave; cho người d&ugrave;ng cả khi chơi game lẫn l&uacute;c l&agrave;m việc hay thiết kế đồ họa, tinh chỉnh m&agrave;u sắc. Ngo&agrave;i ra, tấm nền IPS cho ph&eacute;p người d&ugrave;ng c&oacute; g&oacute;c nh&igrave;n l&ecirc;n tới 178 độ, d&ugrave; bạn c&oacute; thay đổi g&oacute;c nh&igrave;n như thế n&agrave;o th&igrave; cũng kh&ocirc;ng bao giờ phải lo đến chuyện bị l&oacute;a.<br />\r\n<img alt=\"\" src=\"https://thinkpro.vn/uploads/images/userfiles/razer_blade_15_31.jpg\" style=\"height:436px; width:775px\" /></p>\r\n\r\n<h1><strong>4.Hỗ trợ nhiều cổng kết nối&nbsp;</strong></h1>\r\n\r\n<p>Với c&aacute;c cổng kết nối Cổng USB 3.1, Thunderbolt 3, Mini DisplayPort v&agrave; HDMI, &nbsp;người d&ugrave;ng kh&ocirc;ng phải lo nghĩ về khả năng kết nối với c&aacute;c thiết bị b&ecirc;n ngo&agrave;i của chiếc Razer Blade 15 n&agrave;y. Thậm ch&iacute; với c&ocirc;ng nghệ Thunderbolt 3, ta c&oacute; thể kết nối tới 2 m&agrave;n h&igrave;nh c&oacute; độ ph&acirc;n giải 4K hay một m&agrave;n h&igrave;nh c&oacute; độ ph&acirc;n giải 5K.&nbsp;</p>\r\n\r\n<p><img alt=\"\" src=\"https://thinkpro.vn/uploads/images/userfiles/razer_blade_15_51.jpg\" style=\"height:436px; width:775px\" /></p>\r\n', 'razer, gaming, razer pink', 50990000, 1, 24, 1, '2020-06-15 15:05:13', '2020-06-15 15:05:13'),
(53, 'Dell Alienware M15 R2', 'dell-alienware-m15-r2', 'Dell Alienware M15 R2 i9-9880H RAM 16GB SSD 1TB FHD IPS 240HZ RTX 2070', 'Balo laptop chính hãng', 'Vệ sinh máy, tra keo tản nhiệt', 'Cài đặt phần mềm miễn phí', 'Pin, Dây nguồn, Sách hướng dẫn, Thùng máy, Adapter sạc ', '1592228949_1592121517_alienware-M15R2.jpg', '<p><strong>Dell Alienware M15 R2&nbsp;</strong>l&agrave; chiếc laptop gaming với thiết kế hấp dẫn v&agrave; r&otilde; r&agrave;ng, sử dụng hợp kim magiee để trọng lượng m&aacute;y nhẹ nhất c&oacute; thể. Với cấu h&igrave;nh v&ocirc; c&ugrave;ng mạnh mẽ với bộ vi xử l&yacute; i7 - 9750H v&agrave; 16GB ram, 1TB SSD sẽ gi&uacute;p người d&ugrave;ng sử dụng mọi t&aacute;c vụ d&ugrave; nặng nhất cũng v&ocirc; c&ugrave;ng mượt m&agrave;.</p>\r\n', '<h1><strong>1. Mỏng nhẹ hơn nữa</strong></h1>\r\n\r\n<p>Với c&acirc;n nặng chỉ từ&nbsp;<strong>2.16kg</strong>&nbsp;c&ugrave;ng độ mỏng&nbsp;<strong>18.3 mm</strong>,&nbsp;<a href=\"https://www.thinkpro.vn/dell-alienware-m15-r2-pl501.html\"><strong>Dell Alienware M15 R2</strong></a>&nbsp;l&agrave; một trong những chiếc laptop chơi game hiếm hoi c&oacute; khả năng cơ động cao đến như vậy, bạn c&oacute; thể mang theo m&igrave;nh mọi l&uacute;c mọi nơi, sẵn s&agrave;ng ho&agrave;n th&agrave;nh mọi c&ocirc;ng việc.</p>\r\n\r\n<p><img alt=\"\" src=\"https://thinkpro.vn/uploads/images/userfiles/alienware_m15r2_1.jpg\" style=\"height:436px; width:775px\" /></p>\r\n\r\n<h1><strong>2. Đắm ch&igrave;m v&agrave;o thế giới game</strong></h1>\r\n\r\n<p>Nghe c&oacute; vẻ phi l&yacute; nhưng game thủ cũng cần một m&agrave;n h&igrave;nh tốt chứ! M&agrave;n h&igrave;nh được trang bị tr&ecirc;n<strong>&nbsp;</strong><a href=\"https://www.thinkpro.vn/dell-alienware-m15-r2-pl501.html\"><strong>Dell Alienware M15 R2</strong></a>&nbsp;độ ph&acirc;n giải FullHD&nbsp;với độ bao phủ m&agrave;u sắc đạt tr&ecirc;n<strong>&nbsp;100% sRGB, 99.96% AdobeRGB,</strong>&nbsp;th&acirc;m ch&iacute; độ s&aacute;ng c&ograve;n l&ecirc;n tới&nbsp;<strong>301&nbsp;nits</strong>&nbsp;gi&uacute;p bạn c&oacute; thể l&agrave;m việc thoải m&aacute;i trong m&ocirc;i trường &aacute;nh s&aacute;ng gắt m&agrave; vẫn giữ được chất lượng hiển thị tuyệt vời. Hơn nữa với m&agrave;n h&igrave;nh sặc sỡ v&agrave; trung thực như thế th&igrave; c&aacute;c chi tiết trong game&nbsp;sẽ nổi bật v&agrave; bắt mắt hơn rất nhiều, khiến bạn c&oacute; cảm gi&aacute;c như đang h&ograve;a m&igrave;nh v&agrave;o thế giới sau m&agrave;n ảnh&nbsp;vậy.</p>\r\n\r\n<p><img alt=\"\" src=\"https://thinkpro.vn/uploads/images/userfiles/alienware_m15r2_2.jpg\" style=\"height:436px; width:775px\" /></p>\r\n\r\n<h1><strong>3. Hiệu năng mạnh mẽ với CPU Intel thế hệ 9</strong></h1>\r\n\r\n<p><a href=\"https://www.thinkpro.vn/dell-alienware-m15-r2-pl501.html\"><strong>Dell Alienware M15 R2</strong></a>&nbsp;được trang bị bộ vi xử l&yacute;&nbsp;<strong>Intel Core i7-9750H</strong>&nbsp;(6 l&otilde;i 12 luồng) với xung nhịp l&ecirc;n tới&nbsp;<strong>4.5GHz</strong>&nbsp;khiến cho mọi t&aacute;c vụ đều được thực hiện một c&aacute;ch nhanh ch&oacute;ng v&agrave; mượt m&agrave;. V&igrave; đ&acirc;y l&agrave;&nbsp;<strong>CPU đa nh&acirc;n</strong>&nbsp;n&ecirc;n n&oacute; hỗ trợ rất tốt cho c&aacute;c t&aacute;c vụ đa nhiệm d&ugrave; ch&uacute;ng nặng đến mấy. Thậm ch&iacute; nếu bạn muốn l&agrave;m đồ họa th&igrave; c&oacute; khi đ&acirc;y lại ch&iacute;nh l&agrave; điểm mạnh của chiếc CPU n&agrave;y v&igrave; khả năng Render của n&oacute; l&agrave; rất tốt.</p>\r\n\r\n<p><img alt=\"\" src=\"https://thinkpro.vn/uploads/images/userfiles/alienware_m15r2_4.jpg\" style=\"height:436px; width:775px\" /></p>\r\n\r\n<h1><strong>4. B&agrave;n ph&iacute;m g&otilde; cảm gi&aacute;c tốt</strong></h1>\r\n\r\n<p><a href=\"https://www.thinkpro.vn/dell-alienware-m15-r2-pl501.html\"><strong>Dell Alienware M15 R2</strong></a>&nbsp;c&oacute; một b&agrave;n ph&iacute;m thừa hưởng từ những d&ograve;ng m&aacute;y doanh nh&acirc;n cao cấp nhất,&nbsp;thiết kế khoa học, layout ph&iacute;m hợp l&yacute; c&ugrave;ng c&aacute;c ph&iacute;m bấm to gi&uacute;p hạn chế tối đa việc bấm sai ph&iacute;m. Hơn nữa đ&egrave;n&nbsp;<strong>LED RGB</strong>&nbsp;rực rỡ gi&uacute;p bạn cảm gi&aacute;c như m&igrave;nh đang l&agrave; một game thủ chuy&ecirc;n nghiệp vậy.</p>\r\n\r\n<p><img alt=\"\" src=\"https://thinkpro.vn/uploads/images/userfiles/alienware_m15r2_3.jpg\" style=\"height:436px; width:775px\" /></p>\r\n', 'alienware, gaming', 59990000, 1, 9, 1, '2020-06-15 15:07:19', '2020-06-15 15:07:19'),
(54, 'Asus ZenBook Pro UX580GD', 'asus-zenbook-pro-ux580gd', 'Asus ZenBook Pro UX580GD i7 8750H RAM 16GB SSD512GB 15.6 GTX1050 4GB 4K LED-backlit', 'Balo laptop chính hãng', 'Vệ sinh máy, tra keo tản nhiệt', 'Cài đặt phần mềm miễn phí', 'Pin, Dây nguồn, Sách hướng dẫn, Thùng máy, Adapter sạc ', '1592229092_1592223258_asus.jpg', '', '<h1><strong>1. Hiệu năng mạnh mẽ</strong></h1>\r\n\r\n<p>Asus ZenBook Pro UX580GD mang tới sức mạnh v&ocirc; c&ugrave;ng tốt với CPU đến từ Intel cũng như GPU đến từ nVIDIA, giờ đ&acirc;y trải nghiệm l&agrave;m việc đồ họa kh&ocirc;ng bao giờ l&agrave; kh&oacute; đối với chiếc laptop n&agrave;y, Asus ZenBook Pro UX580GD ch&iacute;nh l&agrave; lựa chọn ho&agrave;n hảo nhất cho nhiều nhu cầu kh&aacute;c nhau.</p>\r\n\r\n<p><img alt=\"\" src=\"https://www.thinkpro.vn/uploads/images/userfiles/f11.jpg\" /></p>\r\n\r\n<h1><strong>2. M&agrave;n h&igrave;nh cảm ứng tiện lợi</strong></h1>\r\n\r\n<p>Asus ZenBook Pro UX580GD&nbsp;mang tới chất lượng hiển thị v&ocirc; c&ugrave;ng sống động, nhưng thứ đặc biệt hơn cả ch&iacute;nh l&agrave; c&ocirc;ng nghệ LED-backlit 4K khiến từng chi tiết h&igrave;nh ảnh lu&ocirc;n đảm bảo tốt nhất. Nhờ c&oacute; thể cảm ứng, Asus ZenBook Pro UX580GD mang đến sự tiện lợi v&ocirc; c&ugrave;ng m&agrave; kh&ocirc;ng phải chiếc laptop n&agrave;o cũng c&oacute; thể đạt được đ&oacute; l&agrave; mạnh mẽ, tiện lợi.</p>\r\n\r\n<p><img alt=\"\" src=\"https://www.thinkpro.vn/uploads/images/userfiles/g9.jpg\" /></p>\r\n\r\n<h1><strong>3. &Acirc;m thanh sống động</strong></h1>\r\n\r\n<p>Nhờ được trang bị chất lượng &acirc;m thanh v&ocirc; c&ugrave;ng sống động, Asus ZenBook Pro UX580GD lu&ocirc;n đảm từ giải tr&iacute; cho tới điều chỉnh &acirc;m nhạc. C&ocirc;ng nghệ SonicMaster mang tới chất lượng &acirc;m thanh tốt nhất, biến Asus ZenBook Pro UX580GD giống như một rạp chiếu phim tại gia vậy.</p>\r\n\r\n<p><img alt=\"\" src=\"https://www.thinkpro.vn/uploads/images/userfiles/h8.jpg\" /></p>\r\n', 'asus, gaming', 35990000, 1, 10, 1, '2020-06-15 15:09:59', '2020-06-15 15:09:59');

-- --------------------------------------------------------

--
-- Table structure for table `pro_details`
--

CREATE TABLE `pro_details` (
  `id` int(10) UNSIGNED NOT NULL,
  `cpu` varchar(255) COLLATE utf8_unicode_ci NOT NULL,
  `ram` varchar(255) COLLATE utf8_unicode_ci NOT NULL,
  `screen` varchar(255) COLLATE utf8_unicode_ci NOT NULL,
  `vga` varchar(255) COLLATE utf8_unicode_ci NOT NULL,
  `storage` varchar(255) COLLATE utf8_unicode_ci NOT NULL,
  `exten_memmory` varchar(100) COLLATE utf8_unicode_ci NOT NULL,
  `cam1` varchar(255) COLLATE utf8_unicode_ci NOT NULL,
  `cam2` varchar(255) COLLATE utf8_unicode_ci NOT NULL,
  `sim` varchar(255) COLLATE utf8_unicode_ci NOT NULL,
  `connect` varchar(255) COLLATE utf8_unicode_ci NOT NULL,
  `pin` varchar(255) COLLATE utf8_unicode_ci NOT NULL,
  `os` varchar(255) COLLATE utf8_unicode_ci NOT NULL,
  `note` text COLLATE utf8_unicode_ci NOT NULL,
  `pro_id` int(10) UNSIGNED NOT NULL,
  `created_at` timestamp NULL DEFAULT NULL,
  `updated_at` timestamp NULL DEFAULT NULL
) ENGINE=InnoDB DEFAULT CHARSET=utf8 COLLATE=utf8_unicode_ci;

--
-- Dumping data for table `pro_details`
--

INSERT INTO `pro_details` (`id`, `cpu`, `ram`, `screen`, `vga`, `storage`, `exten_memmory`, `cam1`, `cam2`, `sim`, `connect`, `pin`, `os`, `note`, `pro_id`, `created_at`, `updated_at`) VALUES
(9, 'Exynos 990 8 nhân', '8 GB', 'Dynamic AMOLED 2X, 6.7\", Quad HD+ (2K+)', 'Mali-T880 MP12', '128 GB', 'MicroSD, hỗ trợ tối đa 1 TB', '10 MP', 'Chính 12 MP & Phụ 64 MP, 12 MP, TOF 3D', '2 SIM Nano (SIM 2 chung khe thẻ nhớ), Hỗ trợ 4G', 'Wi-Fi 802.11 a/b/g/n/ac, Dual-band, Wi-Fi Direct, Wi-Fi hotspot', '4500 mAh, có sạc nhanh', 'Android 10', '', 22, '2016-11-24 09:39:13', '2020-06-15 06:02:56'),
(10, 'MediaTek MT6768 8 nhân (Helio P65)', '6 GB', 'Super AMOLED, 6.4\", Full HD+', 'Mali-T880 MP12', '128 GB', 'MicroSD, hỗ trợ tối đa 512 GB', '20 MP', 'Chính 48 MP & Phụ 8 MP, 5 MP, 5 MP', '2 Nano SIM, Hỗ trợ 4G', 'Wi-Fi 802.11 a/b/g/n/ac, Dual-band, Wi-Fi Direct, Wi-Fi hotspot', '5000 mAh, có sạc nhanh', 'Android 10', '', 23, '2016-11-24 09:39:28', '2020-06-15 06:06:46'),
(11, 'Apple A10Apple A13 Bionic 6 nhân', '4 GB', 'OLED, 6.5\", Super Retina XDR', 'chip apple 6 nhân', '512 GB', 'không', '12 MP', '3 camera 12 MP', '1 eSIM & 1 Nano SIM, Hỗ trợ 4G', 'Dual-band, Wi-Fi 802.11 a/b/g/n/ac/ax, Wi-Fi hotspot', '3969 mAh, có sạc nhanh', 'iOS 13', '', 24, '2016-11-24 18:48:39', '2020-06-15 06:09:59'),
(12, 'Apple A10 Fusion 4 nhân', '2 GB', 'LED-backlit IPS LCD, 4.7\", Retina HD', 'chip apple 6 nhân', '32 GB', 'không', '7 MP', '12 MP', '1 Nano SIM, Hỗ trợ 4G', 'Wi-Fi 802.11 a/b/g/n/ac, Dual-band, Wi-Fi hotspot', '1960 mAh', 'iOS 12', '', 25, '2016-11-24 18:48:46', '2020-06-15 06:13:01'),
(13, 'Apple A12 Bionic 6 nhân', '4 GB', 'OLED, 6.5\", Super Retina', 'adreno900', '256 GB', 'không', '7 MP', 'Chính 12 MP & Phụ 12 MP', '1 eSIM & 1 Nano SIM, Hỗ trợ 4G', 'Wi-Fi 802.11 a/b/g/n/ac, Dual-band, Wi-Fi hotspot', '3174 mAh, có sạc nhanh', 'iOS 12', '', 26, '2016-11-25 23:44:07', '2020-06-15 06:17:00'),
(14, 'MediaTek Helio P70 8 nhân', '8 GB', 'AMOLED, 6.5\", Full HD+', 'adreno900', '128 GB', 'MicroSD, hỗ trợ tối đa 256 GB', '16 MP', 'Chính 48 MP & Phụ 8 MP, 2 MP, 2 MP', '2 Nano SIM, Hỗ trợ 4G', '4000 mAh, có sạc nhanh', '4000 mAh, có sạc nhanh', 'Android 9.0 (Pie)', '', 27, '2016-11-25 23:44:11', '2020-06-15 06:19:48'),
(15, 'Snapdragon 865 8 nhân', '12 GB', 'AMOLED, 6.78\", Quad HD+ (2K+)', 'adreno900', '256 GB', 'không', '32 MP', 'Chính 48 MP & Phụ 13 MP, 12 MP', '2 Nano SIM, Hỗ trợ 5G', 'Dual-band, Wi-Fi 802.11 a/b/g/n/ac/ax, Wi-Fi Direct, Wi-Fi hotspot', '4200 mAh, có sạc nhanh', 'Android 10', '', 28, '2016-11-25 23:44:15', '2020-06-15 06:22:23'),
(23, 'Intel Core i5-10210U 1.60 GHz, 6 MB Intel® Smart Cache Cache, Upto 4.20 GHz', '8GB LPDDR3 2133 MHz', '13.3 inch 1920 x 1080, IPS Anti-Glare LED TOUCH', 'Intel UHD Graphics 620 N/A', '256GB SSD m2 NVMe', 'có', '', '', 'không', '2 Thunderbolt™ 3, 1 USB-C 3.1, 1 khe đọc thẻ MicroSD, 1 jack cắm tai nghe/ micro', '52WHr - Dell AC 45W', 'Windows 10 ', '', 36, '2016-11-26 00:43:40', '2020-06-15 06:25:36'),
(24, 'Intel Core i7-9750H 2.60 GHz, 12MB SmartCache Cache, Upto 4.50 GHz', '16GB DDR4 2666MHz', '15.6 inch FHD (1920 x 1080), IPS Anti-Glare UltraSharp', 'nVIDIA GeForce GTX 1650 4GB', '256GB SSD M2 NVMe', 'có', '', '', 'không', '1 Thunderbolt™ 3 2 Cổng USB 3.1 Gen 1 1 cổng HDMI 2.0 1 jack cắm tai nghe 3.5 mm', '6-Cell 97WHr - 8-10h', 'Windows 10', '', 37, '2016-11-26 00:43:47', '2020-06-15 06:28:46'),
(25, 'Intel Core i7-9750HF 2.60 GHz, 12MB SmartCache Cache, Upto 4.50 GHz', '8GB DDR4 2400MHz', '15.6\" FHD (1920 x 1080), Anti-Glare', 'nVIDIA GeForce GTX 1050 3GB', '256GB SSD', 'có', '', '', 'không', '2 x USB 3.1(Gen.1) 1 x HDMI 2.0 1 x RJ45 1 x DC Jack 1 x Combo of 3.5mm Stereo Headphone 1 x Type C（USB3.0)', '6 Cell (6 - 7 tiếng)', 'Windows 10 ', '', 38, '2016-11-26 00:43:51', '2020-06-15 06:31:49'),
(26, 'Intel Core i7-9750H 2.60 GHz, 12MB SmartCache Cache, Upto 4.50 GHz', '16GB DDR4 2666 MHz', '15.6\" FHD (1920 x 1080) 144Hz, Anti-Glare LED Backlit', 'nVIDIA GeForce RTX 2060 6GB', '512GB SSD M2 NVMe PCIe', 'có', '', '', 'không', '3 x USB 3.1 Gen 1; 1 x USB 3.1 Type-C Gen 1, 1 x HDMI 2.0, 1 x Ethernet (RJ-45), 1 x mDisplayPort 1.4, 1 x jack cắm tai nghe', 'Li-ion 57Wh (3-4 tiếng)', 'Windows 10 ', '', 39, '2016-11-26 00:43:55', '2020-06-15 06:34:55'),
(27, 'Intel Core i7 10510U 1.80 GHz, 8MB SmartCache Cache, Upto 4.90 GHz', '8GB DDR4 2400MHz', '13.3 inch FHD (1920x1080), IPS Anti-Glare', 'NVIDIA Geforce MX250 2Gb', '256GB SSD NVMe PCIe', 'có', '', '', 'không', '1 khe đọc thẻ microSD 2 x USB 3.1 Type-C™ Gen 1 (Data Transfer up to 5 Gb/s, Power Delivery, DP1.2, HP Sleep and Charge); 2 x USB 3.1 Gen 1 (1 HP Sleep and Charge); 1 jack cắm tai nghe 3.5mm', '3Cell, 51WHr (5-6 tiếng)', 'Windows 10 ', '', 40, '2016-11-26 00:43:58', '2020-06-15 06:37:34'),
(28, 'Intel Core i7-8565U 1.60 GHz, 8MB SmartCache Cache, Upto 4.80 GHz', '8GB DDR4 2400MHz', '13.3 inch FHD (1920 x 1080), IPS Corning® Gorilla® Glass NBT™ TOUCH', 'Intel® UHD Graphics 620 N/A', 'SSD 256GB SSD NVMe', 'có', '', '', 'không', '2 x USB Type-C™ 3.1 Gen 2 (Thunderbolt™ 3, DP 1.2, PD 3.0); 1 x USB 3.1 Gen2 Type-A™; 1 x jack tai nghe; 1 x khe thẻ SD', '4Cell, 61WHr (lên đến 10.5 giờ)', 'Windows 10 ', '', 41, '2016-11-26 00:44:02', '2020-06-15 06:40:25'),
(29, 'Intel Core i9 10900K 3.7Ghz Turbo Up to 5.3Ghz / 20MB / 10 Cores, 20 Threads - LGA 1200', 'Corsair VENGEANCE RGB PRO 32GB (2 x 16GB) DDR4 DRAM 3000MHz Black', 'ASUS ROG Maximus XII Hero (Wifi) - Intel Z490', 'ASUS Dual GeForce RTX™ 2070 EVO V2 OC Edition 8GB GDDR6', 'Samsung 860 EVO 500GB', ' Phanteks ECLIPSE P360X', 'Intel FAN Chuẩn', 'Cooler Master V750 - 80 Plus Gold', 'Không có', 'USB, VGA, COM, Display Port ', 'Không có', 'Cài sẵn Windows 10', 'Dây nguồn, Ốc ..', 42, '2016-11-26 02:13:19', '2020-06-15 06:56:28'),
(30, ' AMD Ryzen™ 7 3700X 3.6 GHz (4.4GHz Max Boost) 8 cores / 16 threads', 'G.Skill TRIDENT Z RGB - 32GB (16GBx2) DDR4 3000GHz', 'MSI MPG X570 Gaming Edge Wifi', 'Msi RX 5700 XT Gaming X', ' SSD Western Digital BLACK SN750 NVME SSD 1TB', 'MSI Chassis Sekira 500X', 'ooler Master Masterair MA610P RGB', 'Cooler Master MWE Gold 750W - 80 Plus Gold', 'Không có', 'USB, VGA, COM, Display Port ', 'Không có', 'Cài sẵn Windows 10', 'Dây nguồn, Ốc ..', 43, '2016-11-26 02:13:24', '2020-06-15 06:59:00'),
(31, ' Intel Core i9-9900KS - 4.0 GHz turbo up to 5.0 GHz / 8 Cores 16 Threads', 'Apacer NOX RGB 32GB ( 8GB *4 ) DDR4 - 3200', 'Asus ROG MAXIMUS XI FORMULA', 'Asus Dual RTX 2080 Super O8G EVO', 'Intel 660p 512GB PCIe NVMe 3.0 x4', 'Aerocool Night Hawk', 'Intel FAN Chuẩn', 'Cooler Master MWE Gold 750W - 80 Plus Gold', 'Không có', 'USB, VGA, COM, Display Port ', 'Không có', 'Cài sẵn Windows 10', 'Dây nguồn, Ốc ..', 44, '2016-11-26 02:13:27', '2020-06-15 07:01:16'),
(32, 'intel core i9-9900K -3.6 GHz turbo up to 5.0 GHz', 'intel core i9-9900K -3.6 GHz turbo up to 5.0 GHz', 'Asus ROG MAXIMUS XI HERO Wifi', 'ASUS ROG Strix GeForce RTX 2080Ti O11G Gaming * 2', 'M2 NVME Seagate Firecuda 510 1TB', 'ROG Strix Helios GX601', 'Corsair ML120 PRO RGB Pack 6 Fan', 'ASUS ROG Thor 1200W - 80 Plus Platinum', 'Không có', 'USB, VGA, COM, Display Port ', 'Không có', 'Cài sẵn Windows10', 'Dây nguồn, Ốc ..', 45, '2016-11-26 02:13:31', '2020-06-15 07:04:23'),
(33, 'Intel Core i7 9700K', '16GB DDR4 (2x8GB)', 'Z390', 'NVIDIA® GeForce RTX™ 2070 8GB + Intel UHD Graphics 630', '512GB PCIe', 'không', 'Intel FAN Chuẩn', '230W+280W (Adaptor)', 'Không có', 'USB, VGA, COM, Display Port ', 'Không có', 'Windows 10 ', 'Dây nguồn, Ốc ..', 46, '2016-11-26 02:13:35', '2020-06-15 07:07:16'),
(38, 'Intel Core i7-9750H 2.60 GHz, 12MB SmartCache Cache, Upto 4.50 GHz', '16GB DDR4 2666 MHz', '15.6 inch FHD (1920 x 1080), IPS Anti-Glare', 'Nvidia GeForce RTX 2060 6GB GDDR5', '512GB SSD', '', '', '', 'Không có', '3 Cổng USB 3.1 1 Cổng Thunderbolt 3 1 Cổng Mini Display Port 1 Cổng HDMI', '80WHr - 7-8 tiếng', 'Windows 10 bản dùng thử', 'Dây nguồn, Ốc ..', 51, '2016-11-26 02:18:03', '2020-06-15 06:44:06'),
(39, 'Intel Core i7-9750H 2.20 GHz, 9 MB SmartCache Cache, Upto 4.10 GHz', '16GB DDR4 2666 MHz', '15.6 inch FHD (1920 x 1080), IPS Anti-Glare', 'Nvidia GeForce RTX 2060 6GB GDDR5', '512GB SSD', '', '', '', 'Không có', '3 Cổng USB 3.1 1 Cổng Thunderbolt 3 1 Cổng Mini Display Port 1 Cổng HDMI', '80WHr - 10-11 tiếng', 'Windows 10', 'Dây nguồn, Ốc ..', 52, '2016-11-26 02:18:08', '2020-06-15 06:46:39'),
(40, 'Intel Core i9-9880H 2.30 GHz, 16 MB Intel® Smart Cache Cache, Upto 4.80 GHz', '16GB DDR4 2666MHz', '15.6 inch FHD (1920 x 1080), IPS Anti-Glare UltraSharp', 'nVIDIA GeForce RTX2070 8GB', '1TB SSD M2 NVMe PCIe', '', '', '', 'Không có', '4 x USB 3.0 / 3.1 Gen1; 1 x USB 3.1 Gen2, 1 x Thunderbolt, 1 x HDMI, 1 x DisplayPort, 1 x Kensington Lock, 1 x jack cắm tai nghe', '76 Wh Lithium-Polymer - 2-3 giờ', 'Windows 10', 'Dây nguồn, Ốc ..', 53, '2016-11-26 02:18:11', '2020-06-15 06:49:09'),
(41, 'Intel Core i7-8750H 2.20 GHz, 9 MB SmartCache Cache, Upto 4.10 GHz', 'Intel Core i7-8750H 2.20 GHz, 9 MB SmartCache Cache, Upto 4.10 GHz', '15.6\" UHD (3840 x 2160), LED-backlit', 'NVIDIA® GeForce® GTX 1050 4GB', '512GB SSD SSD', '', '', '', 'Không có', '2 x Type-C™ USB 3.1 Gen 2 (Thunderbolt™ 3) 2 x Type-A USB 3.1 Gen 2 1 x HDMI 1 x Combo audio jack 1 x MicroSD card slot', '71Wh 8-cell - 9.5 tiếng', 'Windows 10 ', 'Dây nguồn, Ốc ..', 54, '2016-11-26 02:18:14', '2020-06-15 06:51:32');

-- --------------------------------------------------------

--
-- Table structure for table `users`
--

CREATE TABLE `users` (
  `id` int(10) UNSIGNED NOT NULL,
  `name` varchar(255) COLLATE utf8_unicode_ci NOT NULL,
  `email` varchar(255) COLLATE utf8_unicode_ci NOT NULL,
  `password` varchar(255) COLLATE utf8_unicode_ci NOT NULL,
  `phone` varchar(255) COLLATE utf8_unicode_ci NOT NULL,
  `address` varchar(255) COLLATE utf8_unicode_ci NOT NULL,
  `status` int(11) NOT NULL,
  `remember_token` varchar(100) COLLATE utf8_unicode_ci DEFAULT NULL,
  `created_at` timestamp NULL DEFAULT NULL,
  `updated_at` timestamp NULL DEFAULT NULL
) ENGINE=InnoDB DEFAULT CHARSET=utf8 COLLATE=utf8_unicode_ci;

--
-- Dumping data for table `users`
--

INSERT INTO `users` (`id`, `name`, `email`, `password`, `phone`, `address`, `status`, `remember_token`, `created_at`, `updated_at`) VALUES
(1, 'Kiet', 'tuankietct@gmail.com', '$2y$10$TEY9mtHYRJ4G9oW.6n9D9.5.eHfae7I1po7iNVE8cNMsEORxtzv0m', '09099999', 'Ho chi minh', 1, 'jFFpU4F9xl8TLtjS6DPBiI8qWugcLLXQWMtRSWx9UtBoB3TrjGpx66X8xMMh', '2020-06-15 16:01:11', '2020-06-15 16:01:11'),
(2, 'hoang', 'hoang@gmail.com', '$2y$10$l1kbe4s6eABtFVZqe5UpIese0vCemAMafuRjEPBanY8VIhZJgMUU2', '0808880088', 'hcm', 1, NULL, '2020-06-15 16:08:11', '2020-06-15 16:08:11'),
(3, 'tuankiet', 'winds.win.3@gmail.com', '$2y$10$B/M.iJPC/MqGO.bzbg.5Nu3niLetMV5A.KKKP7QGDeNX2scGs53WG', '0944000210', 'HoChiMinh', 1, NULL, '2020-06-15 08:40:53', '2020-06-15 08:40:53');

--
-- Indexes for dumped tables
--

--
-- Indexes for table `admin_users`
--
ALTER TABLE `admin_users`
  ADD PRIMARY KEY (`id`),
  ADD UNIQUE KEY `admin_users_email_unique` (`email`);

--
-- Indexes for table `banners`
--
ALTER TABLE `banners`
  ADD PRIMARY KEY (`id`),
  ADD KEY `banners_user_id_foreign` (`user_id`);

--
-- Indexes for table `category`
--
ALTER TABLE `category`
  ADD PRIMARY KEY (`id`);

--
-- Indexes for table `detail_img`
--
ALTER TABLE `detail_img`
  ADD PRIMARY KEY (`id`),
  ADD KEY `detail_img_pro_id_foreign` (`pro_id`);

--
-- Indexes for table `news`
--
ALTER TABLE `news`
  ADD PRIMARY KEY (`id`),
  ADD KEY `news_cat_id_foreign` (`cat_id`),
  ADD KEY `news_user_id_foreign` (`user_id`);

--
-- Indexes for table `oders`
--
ALTER TABLE `oders`
  ADD PRIMARY KEY (`id`),
  ADD KEY `oders_c_id_foreign` (`c_id`);

--
-- Indexes for table `oders_detail`
--
ALTER TABLE `oders_detail`
  ADD PRIMARY KEY (`id`),
  ADD KEY `oders_detail_pro_id_foreign` (`pro_id`),
  ADD KEY `oders_detail_o_id_foreign` (`o_id`);

--
-- Indexes for table `password_resets`
--
ALTER TABLE `password_resets`
  ADD KEY `password_resets_email_index` (`email`),
  ADD KEY `password_resets_token_index` (`token`);

--
-- Indexes for table `products`
--
ALTER TABLE `products`
  ADD PRIMARY KEY (`id`),
  ADD KEY `products_cat_id_foreign` (`cat_id`),
  ADD KEY `products_user_id_foreign` (`user_id`);

--
-- Indexes for table `pro_details`
--
ALTER TABLE `pro_details`
  ADD PRIMARY KEY (`id`),
  ADD KEY `pro_details_pro_id_foreign` (`pro_id`);

--
-- Indexes for table `users`
--
ALTER TABLE `users`
  ADD PRIMARY KEY (`id`),
  ADD UNIQUE KEY `users_email_unique` (`email`);

--
-- AUTO_INCREMENT for dumped tables
--

--
-- AUTO_INCREMENT for table `admin_users`
--
ALTER TABLE `admin_users`
  MODIFY `id` int(10) UNSIGNED NOT NULL AUTO_INCREMENT, AUTO_INCREMENT=2;

--
-- AUTO_INCREMENT for table `banners`
--
ALTER TABLE `banners`
  MODIFY `id` int(10) UNSIGNED NOT NULL AUTO_INCREMENT;

--
-- AUTO_INCREMENT for table `category`
--
ALTER TABLE `category`
  MODIFY `id` int(10) UNSIGNED NOT NULL AUTO_INCREMENT, AUTO_INCREMENT=25;

--
-- AUTO_INCREMENT for table `detail_img`
--
ALTER TABLE `detail_img`
  MODIFY `id` int(10) UNSIGNED NOT NULL AUTO_INCREMENT, AUTO_INCREMENT=127;

--
-- AUTO_INCREMENT for table `news`
--
ALTER TABLE `news`
  MODIFY `id` int(10) UNSIGNED NOT NULL AUTO_INCREMENT, AUTO_INCREMENT=15;

--
-- AUTO_INCREMENT for table `oders`
--
ALTER TABLE `oders`
  MODIFY `id` int(10) UNSIGNED NOT NULL AUTO_INCREMENT, AUTO_INCREMENT=16;

--
-- AUTO_INCREMENT for table `oders_detail`
--
ALTER TABLE `oders_detail`
  MODIFY `id` int(10) UNSIGNED NOT NULL AUTO_INCREMENT, AUTO_INCREMENT=24;

--
-- AUTO_INCREMENT for table `products`
--
ALTER TABLE `products`
  MODIFY `id` int(10) UNSIGNED NOT NULL AUTO_INCREMENT, AUTO_INCREMENT=70;

--
-- AUTO_INCREMENT for table `pro_details`
--
ALTER TABLE `pro_details`
  MODIFY `id` int(10) UNSIGNED NOT NULL AUTO_INCREMENT, AUTO_INCREMENT=53;

--
-- AUTO_INCREMENT for table `users`
--
ALTER TABLE `users`
  MODIFY `id` int(10) UNSIGNED NOT NULL AUTO_INCREMENT, AUTO_INCREMENT=4;

--
-- Constraints for dumped tables
--

--
-- Constraints for table `banners`
--
ALTER TABLE `banners`
  ADD CONSTRAINT `banners_user_id_foreign` FOREIGN KEY (`user_id`) REFERENCES `users` (`id`) ON DELETE CASCADE;

--
-- Constraints for table `detail_img`
--
ALTER TABLE `detail_img`
  ADD CONSTRAINT `detail_img_pro_id_foreign` FOREIGN KEY (`pro_id`) REFERENCES `products` (`id`) ON DELETE CASCADE;

--
-- Constraints for table `news`
--
ALTER TABLE `news`
  ADD CONSTRAINT `news_cat_id_foreign` FOREIGN KEY (`cat_id`) REFERENCES `category` (`id`) ON DELETE CASCADE,
  ADD CONSTRAINT `news_user_id_foreign` FOREIGN KEY (`user_id`) REFERENCES `users` (`id`) ON DELETE CASCADE;

--
-- Constraints for table `oders`
--
ALTER TABLE `oders`
  ADD CONSTRAINT `oders_c_id_foreign` FOREIGN KEY (`c_id`) REFERENCES `users` (`id`) ON DELETE CASCADE;

--
-- Constraints for table `oders_detail`
--
ALTER TABLE `oders_detail`
  ADD CONSTRAINT `oders_detail_o_id_foreign` FOREIGN KEY (`o_id`) REFERENCES `oders` (`id`) ON DELETE CASCADE,
  ADD CONSTRAINT `oders_detail_pro_id_foreign` FOREIGN KEY (`pro_id`) REFERENCES `products` (`id`) ON DELETE CASCADE;

--
-- Constraints for table `products`
--
ALTER TABLE `products`
  ADD CONSTRAINT `products_cat_id_foreign` FOREIGN KEY (`cat_id`) REFERENCES `category` (`id`) ON DELETE CASCADE,
  ADD CONSTRAINT `products_user_id_foreign` FOREIGN KEY (`user_id`) REFERENCES `users` (`id`) ON DELETE CASCADE;

--
-- Constraints for table `pro_details`
--
ALTER TABLE `pro_details`
  ADD CONSTRAINT `pro_details_pro_id_foreign` FOREIGN KEY (`pro_id`) REFERENCES `products` (`id`) ON DELETE CASCADE;
COMMIT;

/*!40101 SET CHARACTER_SET_CLIENT=@OLD_CHARACTER_SET_CLIENT */;
/*!40101 SET CHARACTER_SET_RESULTS=@OLD_CHARACTER_SET_RESULTS */;
/*!40101 SET COLLATION_CONNECTION=@OLD_COLLATION_CONNECTION */;
